Price,Year,Mileage,City,State,Vin,Make,Model
8995,2014,35725,El Paso, TX,19VDE2E53EE000083,Acura,ILX6-Speed
10888,2013,19606,Long Island City, NY,19VDE1F52DE012636,Acura,ILX5-Speed
8995,2013,48851,El Paso, TX,19VDE2E52DE000025,Acura,ILX6-Speed
10999,2014,39922,Windsor, CO,19VDE1F71EE003817,Acura,ILX5-Speed
14799,2016,22142,Lindon, UT,19UDE2F32GA001284,Acura,ILXAutomatic
7989,2012,105246,Miami, FL,JH4CU2F83CC019895,Acura,TSXAutomatic
14490,2014,34032,Greatneck, NY,JH4CU2F84EC002686,Acura,TSXSpecial
13995,2013,32384,West Jordan, UT,JH4CU2F64DC006203,Acura,TSX5-Speed
10495,2013,57596,Waterbury, CT,19VDE2E50DE000234,Acura,ILX6-Speed
9995,2013,63887,El Paso, TX,19VDE1F50DE010450,Acura,ILX5-Speed
12921,2012,58550,Boise, ID,JH4CU2F44CC003220,Acura,TSXAutomatic
12000,2013,40527,Long Island City, NY,19VDE1F38DE020867,Acura,ILX5-Speed
7750,2009,91980,San Antonio, TX,JH4CU26639C015787,Acura,TSX4dr
17628,2015,13797,Fargo, ND,19VDE1F38FE001240,Acura,ILX5-Speed
13999,2013,35035,Santa Ana, CA,JH4CU2F4XDC000369,Acura,TSX5-Speed
14995,2014,23454,Hackettstown, NJ,19VDE1F31EE009243,Acura,ILX5-Speed
14990,2015,23603,Freeport, NY,19VDE1F3XFE007606,Acura,ILX5-Speed
14590,2010,19250,Clearwater, FL,JH4CU2F6XAC041680,Acura,TSX4dr
9500,2011,68289,Arcadia, FL,JH4CU2F62BC007928,Acura,TSX4dr
7990,2007,60552,Fairlawn, NJ,JH4CL96857C019060,Acura,TSX4dr
16994,2015,23946,St. Augustine, FL,19VDE1F32FE000651,Acura,ILX5-Speed
15499,2014,27171,Santa Ana, CA,JH4CU2F49EC005287,Acura,TSX5-Speed
13499,2014,35037,West Covina, CA,19VDE1F32EE013995,Acura,ILX5-Speed
13999,2013,38343,Derby, CT,JH4CU2F45DC013160,Acura,TSX5-Speed
14999,2014,17669,Miami, FL,19VDE1F37EE015239,Acura,ILX5-Speed
15995,2014,37483,Egg Harbor, NJ,JH4CU2F80EC004208,Acura,TSXSpecial
14500,2010,25926,Columbus, OH,JH4CU2F69AC027155,Acura,TSX4dr
13995,2014,30214,Dumfries, VA,19VDE1F37EE014687,Acura,ILX5-Speed
16000,2015,30881,Pasadena, CA,19VDE1F34FE008878,Acura,ILX5-Speed
17419,2015,15390,Indianapolis, IN,19VDE1F37FE002458,Acura,ILX5-Speed
14999,2015,27333,Orlando, FL,19VDE1F33FE005759,Acura,ILX5-Speed
14999,2015,28326,Miami, FL,19VDE1F30FE000177,Acura,ILX5-Speed
17000,2015,24671,Tucson, AZ,19VDE1F33FE009911,Acura,ILX5-Speed
12500,2010,50821,Fort Lauderdale, FL,JH4CU2F68AC029706,Acura,TSX4dr
14895,2015,29755,Greatneck, NY,19VDE1F57FE005023,Acura,ILX5-Speed
14999,2015,29169,West Covina, CA,19VDE1F30FE008425,Acura,ILX5-Speed
15499,2015,23599,Santa Ana, CA,19VDE1F37FE008034,Acura,ILX5-Speed
15994,2014,18821,Wappingers Falls, NY,19VDE1F36EE011120,Acura,ILX5-Speed
15379,2015,26984,West Palm Beach, FL,19VDE1F39FE000324,Acura,ILX5-Speed
14495,2014,27577,Doral, FL,19VDE1F73EE014558,Acura,ILX5-Speed
15999,2014,27268,Santa Ana, CA,JH4CU2F68EC003323,Acura,TSX5-Speed
14994,2014,22266,Seffner, FL,19VDE1F70EE006336,Acura,ILX5-Speed
16500,2015,29651,Pasadena, CA,19VDE1F37FE000676,Acura,ILX5-Speed
13699,2012,39342,Bellflower, CA,JH4CU2F45CC008409,Acura,TSXAutomatic
12933,2011,54050,Fort Myers, FL,JH4CU2F66BC009536,Acura,TSX4dr
15965,2015,30091,Wappingers Falls, NY,19VDE1F3XFE005306,Acura,ILX5-Speed
8995,2007,53525,South Hackensack, NJ,JH4CL96807C008922,Acura,TSX4dr
13987,2011,44330,Indianapolis, IN,JH4CU2F62BC018296,Acura,TSX4dr
15976,2014,27263,Portland, OR,19VDE1F59EE003336,Acura,ILX5-Speed
16990,2014,16848,Clearwater, FL,19VDE1F36EE005995,Acura,ILX5-Speed
14994,2014,34599,Wappingers Falls, NY,19VDE1F32EE011275,Acura,ILX5-Speed
17990,2015,24376,San Antonio, TX,19VDE1F32FE007485,Acura,ILX5-Speed
18500,2015,18283,San Antonio, TX,19VDE1F3XFE006097,Acura,ILX5-Speed
11995,2011,53000,Topeka, KS,JH4CU2F66BC003400,Acura,TSX4dr
11888,2012,84126,Manassas, VA,JH4CU2F43CC016959,Acura,TSXAutomatic
9995,2006,62983,Omaha, NE,JH4CL96886C009248,Acura,TSXAutomatic
13799,2013,31055,Stanton, CA,19VDE1F38DE021159,Acura,ILX5-Speed
13495,2010,41234,Wantagh, NY,JH4CU2F60AC014472,Acura,TSX4dr
16499,2014,25068,West Palm Beach, FL,JH4CU2F81EC004640,Acura,TSXSpecial
15595,2013,38122,Milford, MA,JH4CU2F45DC006807,Acura,TSX5-Speed
14995,2015,35039,Doral, FL,19VDE1F33FE000917,Acura,ILX5-Speed
13473,2010,29875,West Palm Beach, FL,JH4CU2F69AC026376,Acura,TSX4dr
14895,2015,46243,Wappingers Falls, NY,19VDE1F35FE006900,Acura,ILX5-Speed
15895,2015,24511,Doral, FL,19VDE1F7XFE007415,Acura,ILX5-Speed
16651,2015,32203,Bethesda, MD,19VDE1F31FE000740,Acura,ILX5-Speed
12930,2014,61189,Littleton, CO,19VDE1F30EE006463,Acura,ILX5-Speed
18500,2015,15817,Dublin, OH,19VDE1F33FE000142,Acura,ILX5-Speed
15999,2014,15181,Marrieta, GA,19VDE1F5XEE013700,Acura,ILX5-Speed
13419,2011,58105,Minnetonka, MN,JH4CU2F68BC010431,Acura,TSX4dr
14499,2014,33363,Miami, FL,19VDE1F52EE009561,Acura,ILX5-Speed
19411,2014,20192,Honolulu, HI,JH4CU2F45EC000281,Acura,TSX5-Speed
15500,2014,43359,Slidell, LA,19VDE1F34EE011486,Acura,ILX5-Speed
15889,2013,37303,Pembroke Pines, FL,JH4CU2F84DC011676,Acura,TSXSpecial
18450,2015,17014,Tucson, AZ,19VDE1F38FE006793,Acura,ILX5-Speed
16999,2014,21064,Stanton, CA,JH4CU2F40EC000785,Acura,TSX5-Speed
14595,2013,37852,Bay Shore, NY,19VDE1F36DE020348,Acura,ILX5-Speed
15383,2015,45616,Bay Shore, NY,19VDE1F36FE000023,Acura,ILX5-Speed
11991,2008,59594,Albuquerque, NM,JH4CL968X8C011232,Acura,TSX4dr
17997,2015,12638,Roslyn, NY,19VDE1F37FE003495,Acura,ILX5-Speed
16499,2015,18583,Montclair, CA,19VDE1F3XFE008562,Acura,ILX5-Speed
17544,2014,30879,Ellicott City, MD,JH4CU2F65EC004025,Acura,TSX5-Speed
16385,2015,30014,Wappingers Falls, NY,19VDE1F34FE008198,Acura,ILX5-Speed
16000,2015,41310,Clearwater, FL,19VDE1F35FE006475,Acura,ILX5-Speed
13999,2015,49192,West Palm Beach, FL,19VDE1F59FE008375,Acura,ILX5-Speed
15999,2014,34037,Garland, TX,JH4CU2F82EC004226,Acura,TSXSpecial
11982,2013,69027,Lakewood, NJ,19VDE1F54DE003839,Acura,ILX5-Speed
17969,2015,17419,Hoffman Estates, IL,19VDE1F39FE006589,Acura,ILX5-Speed
14995,2013,20261,Wall, NJ,19VDE1F3XDE022216,Acura,ILX5-Speed
13977,2013,35370,Akron, OH,19VDE1F38DE016589,Acura,ILX5-Speed
17376,2016,27384,Watertown, MA,19UDE2F39GA016641,Acura,ILXAutomatic
14989,2015,37882,Pelham, AL,19VDE1F36FE002371,Acura,ILX5-Speed
10990,2012,81301,Homestead, FL,JH4CU2F80CC018400,Acura,TSXAutomatic
13999,2015,49881,Miami Gardens, FL,19VDE1F58FE001689,Acura,ILX5-Speed
14494,2010,36875,Ardmore, PA,JH4CU2F67AC013206,Acura,TSX4dr
18488,2015,18719,San Diego, CA,19VDE1F38FE010844,Acura,ILX5-Speed
15200,2013,36128,Alpharetta, GA,JH4CU2F42DC004576,Acura,TSX5-Speed
13900,2015,51544,Rahway, NJ,19VDE1F37FE001441,Acura,ILX5-Speed
8572,2004,51293,Fairfax, VA,JH4CL96834C036838,Acura,TSXAutomatic
14921,2012,41726,Austin, TX,JH4CU2F44CC006229,Acura,TSXAutomatic
12995,2013,50162,Morrow, GA,19VDE1F74DE020786,Acura,ILX5-Speed
19444,2016,20905,Daphne, AL,19UDE2F39GA023427,Acura,ILXAutomatic
10999,2010,61157,Hialeah, FL,JH4CU2F65AC003919,Acura,TSX4dr
10995,2011,69900,Naugatuck, CT,JH4CU2F68BC006590,Acura,TSX4dr
16985,2015,16951,Roslyn, PA,19VDE1F33FE006152,Acura,ILX5-Speed
15999,2014,35537,West Palm Beach, FL,JH4CU2F41EC002982,Acura,TSX5-Speed
17495,2014,31801,Egg Harbor, NJ,JH4CU2F84EC004244,Acura,TSXSpecial
13995,2012,42600,Naugatuck, CT,JH4CU2F46CC006507,Acura,TSXAutomatic
16224,2015,36007,Delray Beach, FL,19VDE1F3XFE005435,Acura,ILX5-Speed
16999,2015,30940,North Charleston, SC,19VDE1F33FE003512,Acura,ILX5-Speed
16239,2015,24184,Roswell, GA,19VDE1F36FE000278,Acura,ILX5-Speed
17499,2015,21958,Tempe, AZ,19VDE1F31FE001998,Acura,ILX5-Speed
11585,2012,80359,Davie, FL,JH4CU2F81CC002691,Acura,TSXAutomatic
16990,2013,30621,Wappingers Falls, NY,JH4CU2F40DC003569,Acura,TSX5-Speed
11995,2010,63421,Alexandria, VA,JH4CU2E67AC008279,Acura,TSX4dr
15775,2012,30171,Jenkintown, PA,JH4CU2F41CC012120,Acura,TSXAutomatic
16850,2015,33770,Indian Trail, NC,19VDE1F3XFE006021,Acura,ILX5-Speed
19000,2015,10967,Falls Church, VA,19VDE1F38FE008074,Acura,ILX5-Speed
14995,2013,31508,Hackettstown, NJ,19VDE1F57DE022563,Acura,ILX5-Speed
12750,2010,53892,Mount Airy, NC,JH4CU2F63AC033243,Acura,TSX4dr
8900,2010,105055,Chicago, IL,JH4CU2F63AC004728,Acura,TSX4dr
17631,2015,25267,Bethesda, MD,19VDE1F34FE008847,Acura,ILX5-Speed
7783,2009,109568,Hurst, TX,JH4CU26639C015823,Acura,TSX4dr
17991,2013,20906,Greenville, SC,JH4CU2F45DC000795,Acura,TSX5-Speed
10995,2010,63141,Ontario, NY,JH4CU2F66AC002407,Acura,TSX4dr
7750,2006,83324,Woodside, NY,JH4CL96966C037574,Acura,TSXAutomatic
14985,2013,56964,Fayetteville, NC,JH4CU2F44DC013487,Acura,TSX5-Speed
11995,2014,76722,Hackettstown, NJ,19VDE1F37EE002328,Acura,ILX5-Speed
17591,2015,31968,Tacoma, WA,19VDE1F52FE007844,Acura,ILX5-Speed
16900,2014,38076,Peoria, AZ,JH4CU2F4XEC005301,Acura,TSX5-Speed
14999,2014,32047,Orlando, FL,19VDE1F73EE008212,Acura,ILX5-Speed
16994,2014,35396,Wappingers Falls, NY,JH4CU2F48EC004454,Acura,TSX5-Speed
18050,2015,19704,Austin, TX,19VDE1F34FE002059,Acura,ILX5-Speed
14990,2010,25475,Orland Park, IL,JH4CU2F60AC023320,Acura,TSX4dr
10823,2010,70204,Schaumburg, IL,JH4CU2F62AC024050,Acura,TSX4dr
15933,2011,27848,Norristown, PA,JH4CU2F64BC017148,Acura,TSX4dr
16488,2015,23277,Chantilly, VA,19VDE1F37FE006705,Acura,ILX5-Speed
15990,2015,29384,Greatneck, NY,19VDE1F74FE009242,Acura,ILX5-Speed
17966,2015,19420,Lebanon, OR,19VDE1F39FE001568,Acura,ILX5-Speed
17497,2015,21098,Roseville, CA,19VDE1F3XFE010263,Acura,ILX5-Speed
15500,2012,44059,Wexford, PA,JH4CU2F40CC022833,Acura,TSXAutomatic
14500,2014,38814,Kissimmee, FL,19VDE1F33EE006750,Acura,ILX5-Speed
13794,2011,57509,Ardmore, PA,JH4CU2F61BC003255,Acura,TSX4dr
14991,2014,37469,Avenel, NJ,19VDE1F78EE008898,Acura,ILX5-Speed
11359,2010,69217,Tampa, FL,JH4CU2F69AC008573,Acura,TSX4dr
15889,2014,22832,Roswell, GA,19VDE1F31EE013390,Acura,ILX5-Speed
15995,2015,30347,Bethlehem, PA,19VDE1F31FE002505,Acura,ILX5-Speed
16999,2015,18281,Miami Gardens, FL,19VDE1F33FE000254,Acura,ILX5-Speed
21000,2017,4279,Chicago, IL,19UDE2F30HA004475,Acura,ILXAutomatic
16999,2015,18386,West Covina, CA,19VDE1F50FE005011,Acura,ILX5-Speed
17461,2015,29719,Bethesda, MD,19VDE1F38FE010519,Acura,ILX5-Speed
17995,2015,20863,Egg Harbor, NJ,19VDE1F30FE006772,Acura,ILX5-Speed
16490,2015,24825,South Easton, MA,19VDE1F30FE002303,Acura,ILX5-Speed
15499,2015,36830,Montclair, CA,19VDE1F34FE010145,Acura,ILX5-Speed
17988,2015,21495,Raleigh, NC,19VDE1F32FE007583,Acura,ILX5-Speed
17300,2015,37138,Slidell, LA,19VDE1F36FE003746,Acura,ILX5-Speed
14999,2015,42989,Duluth, GA,19VDE1F37FE000614,Acura,ILX5-Speed
15000,2014,42689,Eatontown, NJ,19VDE1F35EE014364,Acura,ILX5-Speed
15495,2015,50825,Bay Shore, NY,19VDE1F38FE008575,Acura,ILX5-Speed
16997,2015,28905,West Bend, WI,19VDE1F3XFE009789,Acura,ILX5-Speed
16750,2015,22205,Union City, GA,19VDE1F36FE000071,Acura,ILX5-Speed
12795,2010,61586,Indianapolis, IN,JH4CU2F61AC041440,Acura,TSX4dr
17920,2013,21148,Chantilly, VA,JH4CU2F82DC010204,Acura,TSXSpecial
14226,2014,44226,Roswell, GA,19VDE1F30EE010769,Acura,ILX5-Speed
14995,2015,43614,Chantilly, VA,19VDE1F31FE000091,Acura,ILX5-Speed
14497,2010,29167,Roswell, GA,JH4CU2F66AC026657,Acura,TSX4dr
11549,2010,83411,Dublin, OH,JH4CU2F64AC027015,Acura,TSX4dr
16986,2016,28443,Windsor Locks, CT,19UDE2F35GA018242,Acura,ILXAutomatic
17693,2015,28475,Rockwall, TX,19VDE1F32FE002982,Acura,ILX5-Speed
16740,2015,22833,Newnan, GA,19VDE1F32FE004053,Acura,ILX5-Speed
15999,2015,31776,West Palm Beach, FL,19VDE1F52FE009867,Acura,ILX5-Speed
18999,2014,16891,Langhorne, PA,JH4C42F48EC000677,Acura,TSX
14795,2013,29198,Midway City, CA,19VDE1F74DE011599,Acura,ILX5-Speed
16993,2014,28930,Bedford, OH,JH4CU2F8XEC000408,Acura,TSXSpecial
18998,2016,19847,Woodbridge, VA,19UDE2F31GA024328,Acura,ILXAutomatic
17593,2015,25840,Tempe, AZ,19VDE1F37FE004470,Acura,ILX5-Speed
14985,2012,57387,Garden City, GA,JH4CU2F86CC016215,Acura,TSXAutomatic
10000,2010,92684,Antioch, IL,JH4CU2F63AC035221,Acura,TSX4dr
16968,2014,29784,Cincinnati, OH,JH4CU2F82EC000578,Acura,TSXSpecial
18698,2016,27463,Chantilly, VA,19UDE2F33GA012536,Acura,ILXAutomatic
17800,2014,19873,Elmhurst, NY,JH4CU2F48EC001151,Acura,TSX5-Speed
10990,2010,79123,Hudson, WI,JH4CU2F64AC036328,Acura,TSX4dr
15990,2014,24252,Chantilly, VA,19VDE1F58EE008835,Acura,ILX5-Speed
15981,2015,42890,West Bend, WI,19VDE1F31FE010099,Acura,ILX5-Speed
15440,2014,31166,Newnan, GA,19VDE1F59EE006771,Acura,ILX5-Speed
14900,2013,29100,Plano, TX,19VDE1F76DE018859,Acura,ILX5-Speed
16440,2013,28572,Scranton, PA,19VDE1F56DE014518,Acura,ILX5-Speed
16981,2014,39205,Buford, GA,JH4CU2F85EC004611,Acura,TSXSpecial
17655,2015,13443,Des Plaines, IL,19VDE1F32FE003873,Acura,ILX5-Speed
18832,2015,9132,Brooklyn, NY,19VDE1F35FE010834,Acura,ILX5-Speed
17499,2016,24005,West Palm Beach, FL,19UDE2F38GA006330,Acura,ILXAutomatic
18203,2014,23560,Milford, CT,JH4CU2F41EC003050,Acura,TSX5-Speed
12995,2012,61515,Bethany, OK,JH4CU2F8XCC009087,Acura,TSXAutomatic
17996,2015,20617,Doylestown, PA,19VDE1F79FE004408,Acura,ILX5-Speed
17758,2014,34497,Dublin, OH,JH4CU2F89EC005597,Acura,TSXSpecial
18500,2015,10442,Elmhurst, IL,19VDE1F33FE002599,Acura,ILX5-Speed
11000,2012,93661,Schenectady, NY,JH4CU2F40CC006213,Acura,TSXAutomatic
15495,2014,46718,Hopkins, MN,19VDE1F3XEE012044,Acura,ILX5-Speed
16170,2014,50055,Plantation, FL,JH4CU2F41EC000309,Acura,TSX5-Speed
19970,2014,7496,San Antonio, TX,JH4CU2F40EC005792,Acura,TSX5-Speed
13974,2010,39740,Delray Beach, FL,JH4CU2F60AC031157,Acura,TSX4dr
14597,2010,35155,Doylestown, PA,JH4CU2F68AC014302,Acura,TSX4dr
16500,2015,27896,Canton, MA,19VDE1F35FE007920,Acura,ILX5-Speed
18194,2015,25853,Ardmore, PA,19VDE1F36FE002158,Acura,ILX5-Speed
15490,2015,40131,Kennesaw, GA,19VDE1F34FE007892,Acura,ILX4dr
15000,2011,48384,Bethesda, MD,JH4CU2F65BC006370,Acura,TSX4dr
15494,2012,45417,Loveland, CO,JH4CU2F60CC007217,Acura,TSXAutomatic
9717,2007,74429,Tewksbury, MA,JH4CL96847C007238,Acura,TSX4dr
16498,2014,44331,Arlington, TX,JH4CU2F86EC005590,Acura,TSXSpecial
18995,2014,15953,Newport News, VA,19VDE1F79EE010420,Acura,ILX5-Speed
15994,2014,35452,Wappingers Falls, NY,19VDE1F59EE006804,Acura,ILX5-Speed
17000,2014,23453,Modesto, CA,19VDE1F33EE014041,Acura,ILX5-Speed
17400,2014,36169,Belleville, IL,JH4CU2F47EC005370,Acura,TSX5-Speed
11786,2010,73311,Waukesha, WI,JH4CU2F67AC009544,Acura,TSX4dr
16493,2015,37455,Fort Pierce, FL,19VDE1F53FE004774,Acura,ILX5-Speed
6929,2010,133548,Woodside, NY,JH4CU2F60AC037041,Acura,TSX4dr
11993,2012,98634,Hopkinsville, KY,JH4CU2F46CC010055,Acura,TSXAutomatic
15799,2015,33888,North Miami, FL,19VDE1F31FE002150,Acura,ILX5-Speed
15999,2016,43080,Miami Gardens, FL,19UDE2F34GA022475,Acura,ILXAutomatic
9495,2010,87355,El Paso, TX,JH4CU2F65AC012331,Acura,TSX4dr
16240,2015,31624,Newnan, GA,19VDE1F3XFE002258,Acura,ILX5-Speed
16689,2015,49140,Louisville, KY,19VDE1F30FE001992,Acura,ILX5-Speed
13695,2013,45213,Doral, FL,19VDE1F7XDE006519,Acura,ILX5-Speed
15000,2014,55643,Jersey City, NJ,JH4CU2F43EC000750,Acura,TSX5-Speed
15999,2015,34717,West Palm Beach, FL,19VDE1F33FE000433,Acura,ILX5-Speed
14999,2013,47086,San Antonio, TX,JH4CU2F64DC012339,Acura,TSX5-Speed
16994,2015,22756,Hollywood, FL,19VDE2E50FE000124,Acura,ILX6-Speed
8888,2010,94925,Long Beach, MS,JH4CU2F65AC002835,Acura,TSX4dr
16899,2014,32983,West Park, FL,JH4CU2F40EC004495,Acura,TSX5-Speed
20400,2014,13527,Tulsa, OK,JH4CU2F47EC005028,Acura,TSX5-Speed
13998,2010,41652,Playa Vista, CA,JH4CU2F65AC027928,Acura,TSX4dr
11995,2009,49153,Schaumburg, IL,JH4CU266X9C021537,Acura,TSX4dr
16965,2015,23404,Framingham, MA,19VDE1F33FE005454,Acura,ILX5-Speed
16887,2013,12083,Dallas, TX,19VDE1F72DE007518,Acura,ILX5-Speed
15997,2015,43879,Richmond, VA,19VDE1F37FE008194,Acura,ILX5-Speed
13495,2010,39885,Grove City, OH,JH4CU2F68AC011271,Acura,TSX4dr
14477,2015,53555,Duluth, GA,19VDE1F34FE003518,Acura,ILX5-Speed
17592,2013,27671,Arlington, TX,JH4CU2F86DC002865,Acura,TSXSpecial
17179,2015,26806,Middletown, NY,19VDE1F38FE002498,Acura,ILX5-Speed
17000,2015,23351,Marietta, GA,19VDE1F33FE002277,Acura,ILX5-Speed
16195,2013,33520,Midway City, CA,JH4CU2F42DC006151,Acura,TSX5-Speed
15230,2014,36248,Buford, GA,19VDE1F55EE010865,Acura,ILX5-Speed
14991,2012,62738,Springfield, MO,JH4CU2F49CC025052,Acura,TSXAutomatic
18996,2015,7738,Woodside, NY,19VDE1F3XFE001806,Acura,ILX5-Speed
14567,2015,52922,Sarasota, FL,19VDE1F35FE006895,Acura,ILX5-Speed
15999,2015,32769,North Miami, FL,19VDE1F33FE001985,Acura,ILX5-Speed
12700,2011,78550,Saco, ME,JH4CU2F61BC014305,Acura,TSX4dr
18397,2015,22333,West Caldwell, NJ,19VDE1F3XFE009940,Acura,ILX5-Speed
16460,2015,30222,Framingham, MA,19VDE1F32FE007499,Acura,ILX5-Speed
14998,2013,30633,Marlborough, MA,19VDE1F55DE014073,Acura,ILX5-Speed
18967,2014,25760,Bethesda, MD,JH4CU2F45EC001821,Acura,TSX5-Speed
12558,2013,73003,Chamblee, GA,19VDE1F59DE003836,Acura,ILX5-Speed
18492,2015,21451,Bountiful, UT,19VDE1F32FE009494,Acura,ILX5-Speed
16995,2014,23223,Midlothian, VA,19VDE1F32EE013656,Acura,ILX5-Speed
17877,2015,29996,Bentonville, AR,19VDE1F35FE003558,Acura,ILX5-Speed
18000,2015,32664,McKinney, TX,19VDE1F32FE000021,Acura,ILX5-Speed
14302,2013,86180,Northborough, MA,JH4CU2F42DC000396,Acura,TSX5-Speed
17995,2014,30817,Macon, GA,JH4CU2F62EC003625,Acura,TSX5-Speed
10000,2010,101228,Branford, CT,JH4CU2F67AC024836,Acura,TSX4dr
15999,2014,27550,East Haven, CT,19VDE1F37EE008405,Acura,ILX5-Speed
17398,2014,20922,Sanford, FL,19VDE1F31EE013938,Acura,ILX5-Speed
12998,2012,75501,Moon Township, PA,JH4CU2F41CC005121,Acura,TSXAutomatic
15995,2014,27883,Chantilly, VA,19VDE1F3XEE005465,Acura,ILX5-Speed
16000,2014,27857,Linden, NJ,19VDE1F78EE010473,Acura,ILX5-Speed
16995,2014,53888,Lawrence, KS,JH4CU2F47EC000718,Acura,TSX5-Speed
14495,2013,37513,Chantilly, VA,19VDE1F38DE011893,Acura,ILX5-Speed
15500,2014,41177,East Hanover, NJ,19VDE1F54EE012364,Acura,ILX5-Speed
15394,2014,45059,Wappingers Falls, NY,19VDE1F50EE010871,Acura,ILX5-Speed
17729,2014,43113,Rogers, AR,JH4CU2F8XEC005110,Acura,TSXSpecial
15493,2013,35401,Minneapolis, MN,19VDE1F39DE004144,Acura,ILX5-Speed
16863,2014,29232,Middletown, CT,19VDE1F37EE011028,Acura,ILX5-Speed
12944,2012,75074,Raynham, MA,JH4CU2F49CC014049,Acura,TSXAutomatic
17140,2015,41354,Lone Tree, CO,19VDE1F77FE004200,Acura,ILX5-Speed
12995,2010,47476,Bountiful, UT,JH4CU2F66AC016047,Acura,TSX4dr
11398,2010,70066,Scarsdale, NY,JH4CU2F65AC004133,Acura,TSX4dr
17499,2014,10187,Miami Gardens, FL,19VDE1F72EE006581,Acura,ILX5-Speed
17969,2015,29028,Hoffman Estates, IL,19VDE1F37FE005957,Acura,ILX5-Speed
17850,2014,36795,St. George, UT,JH4CU2F42EC004126,Acura,TSX5-Speed
11890,2014,77898,Greatneck, NY,19VDE1F31EE014765,Acura,ILX5-Speed
17990,2015,34022,Virginia Beach, VA,19VDE1F30FE003693,Acura,ILX5-Speed
15970,2014,28854,Stone Mountain, GA,19VDE1F76EE000072,Acura,ILX5-Speed
8999,2008,85390,Allentown, PA,JH4CL96808C006590,Acura,TSX4dr
15986,2013,44155,Fort Washington, PA,JH4CU2F42DC000818,Acura,TSX5-Speed
14922,2012,59349,Merriam, KS,JH4CU2F85CC016223,Acura,TSXAutomatic
16992,2014,25154,Kennesaw, GA,19VDE1F53EE009309,Acura,ILX5-Speed
15495,2014,34631,Bountiful, UT,19VDE1F54EE006547,Acura,ILX5-Speed
17321,2015,29563,Stamford, CT,19VDE1F52FE009707,Acura,ILX5-Speed
17995,2015,22374,Columbus, OH,19VDE1F32FE005090,Acura,ILX5-Speed
17997,2015,23065,Enfield, CT,19VDE1F34FE003714,Acura,ILX5-Speed
15995,2013,37718,Great Neck, NY,JH4CU2F41DC012670,Acura,TSX5-Speed
14595,2011,56289,Naperville, IL,JH4CU2F60BC016952,Acura,TSX4dr
13990,2012,66602,Denville, NJ,JH4CU2F44CC026464,Acura,TSXAutomatic
16995,2015,25464,Waterbury, CT,19VDE1F30FE000082,Acura,ILX5-Speed
15890,2015,38772,South Easton, MA,19VDE1F30FE005864,Acura,ILX5-Speed
17500,2015,35388,Pasadena, CA,19VDE1F30FE001300,Acura,ILX5-Speed
16250,2015,34510,Union City, GA,19VDE1F30FE005234,Acura,ILX5-Speed
18492,2014,15930,Marietta, GA,19VDE1F77EE008651,Acura,ILX5-Speed
16969,2014,33203,Hoffman Estates, IL,19VDE1F52EE004098,Acura,ILX5-Speed
14642,2013,46133,Plantation, FL,19VDE1F30DE018093,Acura,ILX5-Speed
15996,2015,51871,Egg Harbor, NJ,19VDE1F31FE006389,Acura,ILX5-Speed
16987,2014,30075,Corona, CA,19VDE1F54EE013353,Acura,ILX5-Speed
11988,2009,71466,Waukesha, WI,JH4CU26699C008696,Acura,TSX4dr
14995,2011,50848,Lexington, KY,JH4CU2F66BC017510,Acura,TSX4dr
15998,2015,37726,Sarasota, FL,19VDE1F3XFE006018,Acura,ILX5-Speed
13975,2014,66853,Westmont, IL,19VDE1F72EE011943,Acura,ILX5-Speed
12950,2010,66848,Fairborn, OH,JH4CU2F64AC017651,Acura,TSX4dr
14999,2013,46067,Chicago, IL,19VDE1F77DE000984,Acura,ILX5-Speed
16998,2015,35736,San Juan, TX,19VDE1F7XFE002425,Acura,ILX5-Speed
12598,2011,70911,Woburn, MA,JH4CU2F67BC002904,Acura,TSX4dr
15777,2015,40637,Pontiac, MI,19VDE1F39FE006561,Acura,ILX5-Speed
19001,2015,11206,Plantation, FL,19VDE1F30FE006996,Acura,ILX5-Speed
17250,2017,40101,Norcross, GA,19UDE2F32HA001240,Acura,ILXAcuraWatch
18371,2015,26189,Bethesda, MD,19VDE1F37FE001956,Acura,ILX5-Speed
14610,2009,32576,Chesapeake, VA,JH4CU26649C035384,Acura,TSX4dr
22000,2017,10,Chicago, IL,19UDE2F34HA011879,Acura,ILXAutomatic
22000,2017,10,Chicago, IL,19UDE2F35HA011597,Acura,ILXAutomatic
16511,2014,39949,Bethlehem, PA,19VDE1F30EE000369,Acura,ILX5-Speed
18189,2015,22646,San Jose, CA,19VDE1F3XFE003863,Acura,ILX5-Speed
14200,2012,70706,Pittsburgh, PA,JH4CU2F48CC013314,Acura,TSXAutomatic
16590,2013,31439,Fredericksburg, VA,JH4CU2F45DC012414,Acura,TSX5-Speed
15900,2015,39477,Baltimore, MD,19VDE1F36FE002306,Acura,ILX5-Speed
17000,2014,46319,Richmond, VA,JH4CU2F41EC004909,Acura,TSX5-Speed
15955,2015,38897,Leominster, MA,19VDE1F32FE005865,Acura,ILX5-Speed
17988,2014,23623,VIRGINIA BEACH, VA,JH4CU2F42EC003848,Acura,TSX5-Speed
17995,2015,31872,Indianapolis, IN,19VDE2E55FE000037,Acura,ILX6-Speed
18900,2016,22187,Salt Lake City, UT,19UDE2F38GA018980,Acura,ILXAutomatic
12290,2013,83691,Duluth, GA,JH4CU2F66DC010656,Acura,TSX5-Speed
18488,2014,29118,Greensboro, NC,JH4CU2F4XEC001135,Acura,TSX5-Speed
15995,2012,41016,Rochelle Park, NJ,JH4CU2F46CC026451,Acura,TSXAutomatic
18300,2015,31895,McKinney, TX,19VDE1F35FE004841,Acura,ILX5-Speed
17777,2014,38026,Tampa, FL,JH4CU2F83EC005904,Acura,TSXSpecial
16995,2015,40981,Egg Harbor, NJ,19VDE1F38FE000685,Acura,ILX5-Speed
18998,2014,28546,Duluth, GA,JH4CU2F45EC006050,Acura,TSX5-Speed
13999,2013,58385,Overland Park, KS,19VDE3F74DE302275,Acura,ILXHybrid
12495,2012,84549,Downers Grove, IL,JH4CU2F41CC003028,Acura,TSXAutomatic
17500,2015,36843,Pasadena, CA,19VDE1F37FE002170,Acura,ILX5-Speed
18998,2014,21556,Wichita, KS,JH4CU2F42EC005826,Acura,TSX5-Speed
18027,2015,27447,Cincinnati, OH,19VDE1F33FE003865,Acura,ILX5-Speed
15950,2015,39562,Richardson, TX,19VDE1F37FE000662,Acura,ILX5-Speed
11995,2009,53116,Manassas, VA,JH4CU26629C029034,Acura,TSX4dr
15969,2015,56112,Henderson, NV,19VDE1F39FE009489,Acura,ILX5-Speed
22000,2017,853,Chicago, IL,19UDE2F31HA011418,Acura,ILXAutomatic
12995,2012,66915,Savannah, GA,JH4CU2F43CC027699,Acura,TSXAutomatic
15995,2014,48017,Waterbury, CT,JH4CU2F43EC005799,Acura,TSX5-Speed
16975,2015,31786,Chicago, IL,19VDE1F51FE007172,Acura,ILX5-Speed
14995,2010,25830,Wantagh, NY,JH4CU2F64AC003281,Acura,TSX4dr
15761,2011,42083,Lisle, IL,JH4CU2F65BC017188,Acura,TSX4dr
21800,2017,7675,Newport News, VA,19UDE2F39HA007455,Acura,ILXAutomatic
17455,2014,30656,West Park, FL,JH4CU2F42EC004448,Acura,TSX5-Speed
14642,2012,63190,Merriam, KS,JH4CU2F49CC000815,Acura,TSXAutomatic
9876,2009,93336,Frederick, MD,JH4CU26629C031429,Acura,TSX4dr
18250,2015,34738,Dublin, OH,19VDE1F36FE005142,Acura,ILX5-Speed
17990,2014,24426,Canton, MA,JH4CU2F45EC003942,Acura,TSX5-Speed
21298,2017,2302,Plantation, FL,19UDE2F39HA009870,Acura,ILXAutomatic
15883,2013,50991,Wappingers Falls, NY,JH4CU2F43DC000343,Acura,TSX5-Speed
13490,2013,52573,Miami, FL,19VDE2E59DE000331,Acura,ILX6-Speed
16977,2014,36713,Lodi, NJ,JH4CU2F6XEC001931,Acura,TSX5-Speed
22000,2017,1459,Chicago, IL,19UDE2F3XHA011904,Acura,ILXAutomatic
15397,2014,55836,Plymouth Meeting, PA,JH4CU2F49EC005371,Acura,TSX5-Speed
18032,2015,24636,Plantation, FL,19VDE1F30FE006433,Acura,ILX5-Speed
19300,2015,16953,Duluth, GA,19VDE1F30FE010238,Acura,ILX5-Speed
15985,2015,39981,Des Plaines, IL,19VDE1F31FE004027,Acura,ILX5-Speed
10398,2010,81862,Land O Lakes, FL,JH4CU2F68AC039412,Acura,TSX4dr
18490,2015,30808,Virginia Beach, VA,19VDE1F3XFE005967,Acura,ILX5-Speed
17445,2015,30597,Jenkintown, PA,19VDE1F37FE000354,Acura,ILX5-Speed
18991,2014,19837,Elmhurst, IL,JH4CU2F89EC004613,Acura,TSXSpecial
16998,2014,19520,VIRGINIA BEACH, VA,19VDE1F33EE011253,Acura,ILX5-Speed
14988,2013,39361,Creve Coeur, MO,19VDE1F59DE016943,Acura,ILX5-Speed
12998,2012,77834,Loves Park, IL,JH4CU2F47CC030590,Acura,TSXAutomatic
16550,2012,36693,Alexandria, VA,JH4CU2F46CC030029,Acura,TSXAutomatic
12999,2012,68203,Alpharetta, GA,JH4CU2F49CC004850,Acura,TSXAutomatic
13000,2012,68212,Hasbrouck Heights, NJ,JH4CU2F44CC022642,Acura,TSXAutomatic
14990,2014,61490,Lawrenceville, GA,JH4CU2F81EC003262,Acura,TSXSpecial
17187,2014,26684,Tulsa, OK,19VDE1F56EE002712,Acura,ILX5-Speed
14000,2012,65700,Dallas, TX,JH4CU2F61CC013009,Acura,TSXAutomatic
16999,2015,28489,Hartford, CT,19VDE1F38FE001514,Acura,ILX5-Speed
16994,2015,33871,Palo Alto, CA,19VDE1F33FE001176,Acura,ILX5-Speed
18152,2014,40494,Duluth, GA,JH4CU2F49EC005399,Acura,TSX5-Speed
9990,2008,70244,Raleigh, NC,JH4CL96878C003931,Acura,TSX4dr
17497,2015,22523,Antioch, TN,19VDE1F3XFE006889,Acura,ILX5-Speed
11000,2009,66692,Canton, OH,JH4CU26699C026826,Acura,TSX4dr
14999,2015,49670,North Miami, FL,19VDE1F36FE006050,Acura,ILX5-Speed
15730,2015,43906,Buford, GA,19VDE1F39FE001277,Acura,ILX5-Speed
16800,2014,39959,Long Island City, NY,JH4CU2F42EC000271,Acura,TSX5-Speed
16499,2015,50388,Cambridge, MA,19VDE1F75FE006236,Acura,ILX5-Speed
16000,2014,32139,Linden, NJ,19VDE1F74EE004220,Acura,ILX5-Speed
18588,2014,29878,Gaithersburg, MD,JH4CU2F41EC001640,Acura,TSX5-Speed
17970,2014,38570,San Antonio, TX,JH4CU2F63EC001060,Acura,TSX5-Speed
11500,2009,81872,Plano, TX,JH4CU26629C003386,Acura,TSX4dr
10600,2012,97661,Duluth, GA,JH4CU2E85CC023349,Acura,TSXManual
14995,2015,81859,Brentwood, TN,19VDE1F36FE006310,Acura,ILX5-Speed
16500,2014,35723,Doral, FL,19VDE1F54EE001252,Acura,ILX5-Speed
18700,2015,21949,Fallston, MD,19VDE1F39FE007984,Acura,ILX5-Speed
9990,2012,105292,DAVIE, FL,JH4CU2F46CC006958,Acura,TSXAutomatic
17395,2014,33354,Bountiful, UT,JH4CU2E80EC001388,Acura,TSXSpecial
15599,2015,43113,Longwood, FL,19VDE1F30FE004004,Acura,ILX5-Speed
16995,2014,38182,Bountiful, UT,JH4CU2F85EC000400,Acura,TSXSpecial
17500,2015,39201,Pasadena, CA,19VDE1F35FE006184,Acura,ILX5-Speed
15400,2015,59647,Westmont, IL,19VDE1F38FE008396,Acura,ILX5-Speed
14995,2013,36190,Temple Hills, MD,19VDE1F78DE021052,Acura,ILX5-Speed
15988,2013,59297,Corpus Christi, TX,JH4CU2F44DC006829,Acura,TSX5-Speed
13991,2012,86719,Wichita, KS,JH4CU2F48CC024555,Acura,TSXAutomatic
14999,2011,50532,Cockeysville, MD,JH4CU2F60BC010200,Acura,TSX4dr
13438,2012,73739,Flemington, NJ,JH4CU2F49CC014388,Acura,TSXAutomatic
16988,2014,30698,City of Industry, CA,19VDE1F71EE012534,Acura,ILX5-Speed
17996,2015,27174,Ardmore, OK,19VDE1F38FE001108,Acura,ILX5-Speed
16997,2013,31051,MADISON, WI,JH4CU2F46DC011398,Acura,TSX5-Speed
18000,2015,38178,McKinney, TX,19VDE1F33FE010279,Acura,ILX5-Speed
16979,2015,39511,Salisbury, NC,19VDE1F37FE002248,Acura,ILX5-Speed
15799,2015,43859,Hialeah, FL,19VDE1F33FE007513,Acura,ILX5-Speed
18425,2014,13303,Torrance, CA,19VDE2E58EE000029,Acura,ILX6-Speed
9555,2008,84559,Jenkintown, PA,JH4CL96938C015079,Acura,TSX4dr
13200,2013,75570,Alpharetta, GA,JH4CU2F63DC006032,Acura,TSX5-Speed
13999,2014,74602,Derby, CT,JH4CU2F41EC006045,Acura,TSX5-Speed
14999,2013,54098,Alexandria, VA,JH4CU2F46DC007237,Acura,TSX5-Speed
15950,2011,40846,Doylestown, PA,JH4CU2F68BC003138,Acura,TSX4dr
17895,2015,36071,Rockwall, TX,19VDE1F31FE002701,Acura,ILX5-Speed
16995,2015,39534,Wappingers Falls, NY,19VDE1F39FE003899,Acura,ILX5-Speed
15790,2013,48038,Virginia Beach, VA,19VDE1F76DE018912,Acura,ILX5-Speed
17800,2014,51757,Tulsa, OK,JH4CU2F40EC005386,Acura,TSX5-Speed
16598,2014,35918,Groton, CT,19VDE1F5XEE006794,Acura,ILX5-Speed
15991,2013,43904,Laurel, MD,19VDE1F31DE016305,Acura,ILX5-Speed
17900,2014,46736,Overland Park, KS,JH4CU2F43EC000652,Acura,TSX5-Speed
16275,2015,38701,Union City, GA,19VDE1F36FE000572,Acura,ILX5-Speed
17496,2015,21077,North Miami, FL,19VDE1F3XFE007878,Acura,ILX5-Speed
16990,2015,30176,Jacksonville, FL,19VDE1F31FE007008,Acura,ILX5-Speed
18390,2015,35089,Chamblee, GA,19VDE1F35FE002023,Acura,ILX5-Speed
18500,2014,20943,Baltimore, MD,JH4CU2F41EC005820,Acura,TSX5-Speed
10153,2010,101436,St. Petersburg, FL,JH4CU2F62AC020662,Acura,TSX4dr
18349,2015,30799,Duluth, GA,19VDE1F36FE006842,Acura,ILX5-Speed
16969,2014,37781,Hoffman Estates, IL,19VDE1F72EE013451,Acura,ILX5-Speed
18891,2014,26055,Olive Branch, MS,JH4CU2F41EC004599,Acura,TSX5-Speed
14492,2012,59790,Irving, TX,JH4CU2F44CC013973,Acura,TSXAutomatic
17878,2015,34279,Costa Mesa, CA,19VDE1F38FE006471,Acura,ILX5-Speed
17995,2015,18373,Wall, NJ,19VDE1F3XFE002356,Acura,ILX5-Speed
16999,2015,27427,North Miami, FL,19VDE1F36FE006694,Acura,ILX5-Speed
16485,2015,36584,Springfield, VA,19VDE1F33FE010511,Acura,ILX5-Speed
17750,2013,39076,Citrus Heights, CA,JH4CU2F46DC003074,Acura,TSX5-Speed
8499,2012,124553,Tampa, FL,JH4CU2F48CC011272,Acura,TSXAutomatic
21297,2017,5311,Plantation, FL,19UDE2F30HA009563,Acura,ILXAutomatic
18990,2012,23099,Portland, OR,JH4CU2F66CC031084,Acura,TSXAutomatic
15991,2013,49787,Elmhurst, IL,JH4CU2F47DC014259,Acura,TSX5-Speed
14998,2013,47367,Wichita, KS,19VDE1F56DE001901,Acura,ILX5-Speed
19999,2014,21232,Lynnwood, WA,JH4CU2F43EC005852,Acura,TSX5-Speed
16995,2015,40522,Latham, NY,19VDE1F33FE001937,Acura,ILX5-Speed
14994,2014,55293,Fort Pierce, FL,19VDE1F77EE008214,Acura,ILX5-Speed
10980,2010,93967,Clearwater, FL,JH4CU2F63AC043951,Acura,TSX4dr
8888,2008,100528,Freehold, NJ,JH4CL96948C009601,Acura,TSX4dr
16165,2015,40850,Charlotte, NC,19VDE1F3XFE005869,Acura,ILX5-Speed
15986,2012,34876,Southborogh, MA,JH4CU2F48CC022434,Acura,TSXAutomatic
19495,2016,9516,Midway City, CA,19UDE2F35GA017429,Acura,ILXAutomatic
17650,2015,23171,Laurel, MD,19VDE1F38FE000217,Acura,ILX5-Speed
16987,2014,31633,Phoenix, AZ,19VDE1F51EE004917,Acura,ILX5-Speed
18362,2015,14809,VIRGINIA BEACH, VA,19VDE1F33FE003882,Acura,ILX5-Speed
12000,2011,87378,Abilene, TX,JH4CU2F68BC001681,Acura,TSX4dr
14395,2013,54046,Hackettstown, NJ,19VDE1F76DE000362,Acura,ILX5-Speed
15999,2012,45966,Gastonia, NC,JH4CU2F87CC026865,Acura,TSXAutomatic
11700,2013,87748,Wilkes-Barre, PA,19VDE1F39DE016312,Acura,ILX5-Speed
9191,2007,94682,Oklahoma City, OK,JH4CL96867C001103,Acura,TSX4dr
17498,2015,35169,Groton, CT,19VDE1F32FE000830,Acura,ILX5-Speed
12991,2010,52629,Saint James, NY,JH4CU2F67AC006790,Acura,TSX4dr
15459,2014,51160,Groton, CT,19VDE1F33EE005517,Acura,ILX5-Speed
20700,2016,5279,Brookfield, WI,19UDE2F3XGA019404,Acura,ILXAutomatic
17994,2015,30822,Arlington, TX,19VDE1F52FE004913,Acura,ILX5-Speed
20500,2014,17459,Falls Church, VA,JH4CU2F81EC002273,Acura,TSXSpecial
17750,2015,39958,Citrus Heights, CA,19VDE1F3XFE000865,Acura,ILX5-Speed
15900,2014,36246,Chestrland, OH,19VDE1F79EE012846,Acura,ILX5-Speed
9499,2010,96458,West Bridgewater, MA,JH4CU2F64AC020193,Acura,TSX4dr
11880,2012,100498,West Caldwell, NJ,JH4CU2F40CC007703,Acura,TSXAutomatic
16794,2015,39537,Palo Alto, CA,19VDE1F31FE001919,Acura,ILX5-Speed
18900,2015,38361,Meridian, MS,19VDE1F38FE000184,Acura,ILX5-Speed
17999,2015,25491,Concord, CA,19VDE1F57FE005667,Acura,ILX5-Speed
21500,2017,14024,Falls Church, VA,19UDE2F3XHA007528,Acura,ILXAutomatic
15799,2012,49243,McDonough, GA,JH4CU2F61CC024477,Acura,TSXAutomatic
17995,2015,19896,Bethlehem, PA,19VDE1F39FE000856,Acura,ILX5-Speed
17288,2014,35613,Arlington, TX,19VDE1F7XEE000401,Acura,ILX5-Speed
12200,2010,76895,Round Rock, TX,JH4CU2F67AC012542,Acura,TSX4dr
16995,2015,31942,Bronx, NY,19VDE1F35FE005259,Acura,ILX5-Speed
17885,2015,21250,Des Plaines, IL,19VDE1F33FE004594,Acura,ILX5-Speed
18897,2015,9086,Miami, FL,19VDE1F32FE002383,Acura,ILX5-Speed
8999,2010,102816,Portsmouth, VA,JH4CU2F64AC042078,Acura,TSX4dr
18485,2014,15988,Rochelle Park, NJ,19VDE1F5XEE009212,Acura,ILX5-Speed
13970,2013,51345,Marietta, GA,19VDE1F70DE006674,Acura,ILX5-Speed
17991,2015,29983,Minneapolis, MN,19VDE1F36FE002676,Acura,ILX5-Speed
16445,2015,38819,Chantilly, VA,19VDE1F70FE002854,Acura,ILX5-Speed
17851,2015,31757,Ardmore, OK,19VDE1F34FE006306,Acura,ILX5-Speed
18800,2013,24524,Westmont, IL,JH4CU2F68DC006754,Acura,TSX5-Speed
18811,2015,27428,Duluth, GA,19VDE1F31FE010152,Acura,ILX5-Speed
17500,2015,35046,Verona, NJ,19VDE1F54FE007635,Acura,ILX5-Speed
16995,2015,41050,Hackettstown, NJ,19VDE1F34FE006032,Acura,ILX5-Speed
18346,2014,31185,Springfield, NJ,JH4CU2F46EC000676,Acura,TSX5-Speed
18500,2014,42008,Overland Park, KS,JH4CU2F46EC003819,Acura,TSX5-Speed
14990,2014,48041,Kennesaw, GA,19VDE1F38EE014701,Acura,ILX5-Speed
11000,2008,62015,Pasadena, CA,JH4CL96888C005607,Acura,TSX4dr
18600,2015,26615,Fallston, MD,19VDE1F56FE004624,Acura,ILX5-Speed
18988,2014,27318,Kahului, HI,JH4CU2F46EC000709,Acura,TSX5-Speed
15887,2012,49456,Denver, CO,JH4CU2F42CC022462,Acura,TSXAutomatic
8590,2012,138129,Highland Park, IL,JH4CU2F47CC000571,Acura,TSXAutomatic
18712,2015,29960,Scranton, PA,19VDE1F54FE007697,Acura,ILX5-Speed
17352,2014,31144,Arlington, TX,19VDE1F70EE009320,Acura,ILX5-Speed
18485,2015,22958,Jenkintown, PA,19VDE1F75FE001747,Acura,ILX5-Speed
18491,2015,31801,Marietta, GA,19VDE1F53FE004497,Acura,ILX5-Speed
18751,2015,41154,Laurel, MD,19VDE1F7XFE002733,Acura,ILX5-Speed
13290,2013,62478,Miami, FL,19VDE1F51DE009629,Acura,ILX5-Speed
17690,2014,25914,Golden Valley, MN,19VDE1F77EE005068,Acura,ILX5-Speed
16295,2015,49988,Hackettstown, NJ,19VDE1F35FE003530,Acura,ILX5-Speed
16488,2014,48100,Tempe, AZ,JH4CU2F48EC001201,Acura,TSX5-Speed
15997,2015,45115,Plantation, FL,19VDE2E53FE000151,Acura,ILX6-Speed
16900,2015,41328,Oklahoma City, OK,19VDE1F37FE004579,Acura,ILX5-Speed
19995,2015,25762,Brentwood, TN,19VDE1F33FE006698,Acura,ILX5-Speed
17900,2015,32100,Watertown, CT,19VDE1F30FE003015,Acura,ILX5-Speed
17999,2014,30055,Santa Ana, CA,JH4CU2F88EC000813,Acura,TSXSpecial
16738,2014,44714,Duluth, GA,19VDE1F75EE008602,Acura,ILX5-Speed
18999,2015,9214,Willimantic, CT,19VDE1F32FE001282,Acura,ILX5-Speed
15900,2012,48134,Boise, ID,JH4CU2F49CC006520,Acura,TSXAutomatic
10980,2010,92512,Plano, TX,JH4CU2F61AC021687,Acura,TSX4dr
18500,2015,24676,Doral, FL,19VDE1F38FE000086,Acura,ILX5-Speed
16124,2014,35348,Roswell, GA,19VDE1F7XEE014749,Acura,ILX5-Speed
18200,2015,36559,Austin, TX,19VDE1F31FE001869,Acura,ILX5-Speed
18488,2013,15929,Woodinville, WA,JH4CU2F50DC800106,Acura,TSXPremium
16697,2015,37200,Duluth, GA,19VDE1F39FE000775,Acura,ILX5-Speed
10595,2012,102408,Gahanna, OH,JH4CU2F40CC006390,Acura,TSXAutomatic
10498,2010,101054,Edmond, OK,JH4CU2F6XAC039783,Acura,TSX4dr
17987,2014,33240,Tracy, CA,JH4CU2F40EC002133,Acura,TSX5-Speed
11994,2009,75778,Ellicott City, MD,JH4CU26639C031553,Acura,TSX4dr
16997,2013,34007,Temecula, CA,JH4CU2F80DC011190,Acura,TSXSpecial
9220,2008,112708,Encinitas, CA,JH4CL96978C019541,Acura,TSX4dr
8995,2010,104632,Virginia Beach, VA,JH4CU2F6XAC009814,Acura,TSX4dr
16390,2015,41085,Temple Hills, MD,19VDE1F35FE005455,Acura,ILX5-Speed
16000,2012,60274,Wilmington, NC,JH4CU2F4XCC002931,Acura,TSXAutomatic
17492,2015,39148,Arlington, TX,19VDE1F33FE002716,Acura,ILX5-Speed
16977,2013,26712,Ashland, OR,19VDE1F54DE017191,Acura,ILX5-Speed
22000,2017,10007,Falls Church, VA,19UDE2F3XHA010946,Acura,ILXAutomatic
14995,2011,56938,Green Bay, WI,JH4CU2F64BC018168,Acura,TSX4dr
19000,2016,37578,Falls Church, VA,19UDE2F33GA022872,Acura,ILXAutomatic
17892,2015,40137,Duluth, GA,19VDE1F31FE000074,Acura,ILX5-Speed
15895,2013,41864,Montgomeryville, PA,19VDE1F72DE000522,Acura,ILX5-Speed
13900,2014,78361,Ellisville, MO,19VDE1F7XEE007221,Acura,ILX5-Speed
15795,2013,48865,Midlothian, IL,JH4CU2F44DC003493,Acura,TSX5-Speed
9989,2011,105905,Bel Air, MD,JH4CU2F6XBC008082,Acura,TSX4dr
17590,2015,26956,Hyattsville, MD,19VDE1F31FE003248,Acura,ILX5-Speed
14998,2013,58519,Santa Ana, CA,JH4CU2F43DC013108,Acura,TSX5-Speed
18089,2014,25437,Dublin, OH,19VDE1F74EE008915,Acura,ILX5-Speed
20989,2015,6989,Virginia Beach, VA,19VDE1F75FE004969,Acura,ILX5-Speed
17877,2015,29474,Radcliff, KY,19VDE1F34FE000182,Acura,ILX5-Speed
18000,2015,39296,Frederick, MD,19VDE2E59FE000218,Acura,ILX6-Speed
16450,2015,41568,Plainville, CT,19VDE1F32FE008877,Acura,ILX5-Speed
15985,2010,45484,Spokane Valley, WA,JH4CU2F61AC043558,Acura,TSX4dr
17490,2013,43203,Savannah, GA,JH4CU2F62DC008354,Acura,TSX5-Speed
16987,2014,25812,Raleigh, NC,19VDE1F56EE000801,Acura,ILX5-Speed
10555,2011,106224,Chantilly, VA,JH4CU2F6XBC014514,Acura,TSX4dr
17999,2014,25280,Newton, NJ,19VDE2E55EE000795,Acura,ILX6-Speed
16440,2015,41054,Newnan, GA,19VDE1F33FE004045,Acura,ILX5-Speed
15487,2014,47178,Ontario, OR,19VDE1F56EE009854,Acura,ILX5-Speed
14858,2015,73548,Jacksonville, Fl,19VDE1F34FE006936,Acura,ILX5-Speed
16980,2015,34735,Fairfax, VA,19VDE1F31FE001578,Acura,ILX5-Speed
18000,2015,34900,Tustin, CA,19VDE1F39FE005717,Acura,ILX5-Speed
18500,2015,30848,Macon, GA,19VDE1F32FE006109,Acura,ILX5-Speed
12591,2014,88107,Timonium, MD,19VDE1F34EE009253,Acura,ILX5-Speed
11444,2009,89445,Everett, WA,JH4CU26609C002544,Acura,TSX4dr
21395,2016,6406,Ellicott City, MD,19UDE2F39GA023248,Acura,ILXAutomatic
18988,2015,14051,Scarsdale, NY,19VDE1F38FE000539,Acura,ILX5-Speed
17591,2015,32397,Dallas, TX,19VDE1F30FE002298,Acura,ILX5-Speed
13491,2012,68651,Roswell, GA,JH4CU2F44CC013911,Acura,TSXAutomatic
7849,2007,96769,Henderson, NV,JH4CL96867C011291,Acura,TSX4dr
11999,2010,69456,Fullerton, CA,JH4CU2F6XAC028475,Acura,TSX4dr
17890,2015,24007,Temple Hills, MD,19VDE1F39FE007287,Acura,ILX5-Speed
17000,2015,50755,Pasadena, CA,19VDE1F33FE001114,Acura,ILX5-Speed
19995,2017,15890,Woodside, NY,19UDE2F71HA001152,Acura,ILXPremium
14857,2015,60552,Ocala, FL,19VDE1F76FE004964,Acura,ILX5-Speed
19725,2014,29649,Overland Park, KS,JH4CU2F82EC005604,Acura,TSXSpecial
14993,2013,69146,Wappingers Falls, NY,JH4CU2F66DC002055,Acura,TSX5-Speed
18900,2015,21407,Doral, FL,19VDE1F30FE002687,Acura,ILX5-Speed
16998,2014,33627,Arlington, TX,19VDE1F57EE006056,Acura,ILX5-Speed
11999,2010,69794,Placentia, CA,JH4CU2F63AC037549,Acura,TSX4dr
16993,2014,36753,Orlando, FL,19VDE1F74EE006579,Acura,ILX5-Speed
22500,2017,3319,Peoria, AZ,19UDE2F32HA008155,Acura,ILXAutomatic
17554,2015,38308,Kirkland, WA,19VDE1F39FE002929,Acura,ILX5-Speed
13155,2010,56089,Columbia, SC,JH4CU2F68AC042973,Acura,TSX4dr
5413,2009,140500,Chicago, IL,JH4CU26629C006482,Acura,TSX4dr
12399,2009,62459,Jacksonville, FL,JH4CU26699C030083,Acura,TSX4dr
16887,2013,38340,Lynbrook, NY,JH4CU2F66DC011046,Acura,TSX5-Speed
19246,2015,30015,Chamblee, GA,19VDE1F3XFE000722,Acura,ILX5-Speed
18600,2014,32174,Dundalk, MD,JH4CU2F40EC001371,Acura,TSX5-Speed
17922,2015,35584,East Stroudsburg, PA,19VDE1F32FE009477,Acura,ILX5-Speed
19998,2016,16233,Indianapolis, IN,19UDE2F30GA011246,Acura,ILXAutomatic
6988,2007,114699,San Antonio, TX,JH4CL96847C008339,Acura,TSX4dr
9929,2010,111216,Hoffman Estates, IL,JH4CU2F65AC001216,Acura,TSX4dr
17000,2015,35649,Louisville, KY,19VDE1F34FE001199,Acura,ILX5-Speed
12572,2010,77800,Littleton, CO,JH4CU2F69AC035661,Acura,TSX4dr
16995,2013,36046,Hooksett, NH,JH4CU2F48DC004579,Acura,TSX5-Speed
8998,2005,73406,Burlington, MA,JH4CL96935C003820,Acura,TSXAutomatic
15298,2014,50321,Tracy, CA,19VDE1F37EE013233,Acura,ILX5-Speed
14995,2013,42678,Memphis, TN,19VDE1F51DE016158,Acura,ILX5-Speed
17999,2015,23752,West Park, FL,19VDE1F54FE004637,Acura,ILX5-Speed
7995,2008,101588,Miami, FL,JH4CL96808C001776,Acura,TSX4dr
17995,2015,23844,Union City, NJ,19VDE1F71FE005147,Acura,ILX5-Speed
17400,2015,31060,Ephrata, PA,19VDE1F37FE005716,Acura,ILX5-Speed
18700,2015,24769,Doral, FL,19VDE1F31FE002018,Acura,ILX5-Speed
21353,2014,21869,Murphy, NC,JH4CU2F69EC002617,Acura,TSX5-Speed
16700,2015,39578,Linden, NJ,19VDE1F37FE002976,Acura,ILX5-Speed
21955,2017,3894,Canton, CT,19UDE2F39HA008427,Acura,ILXAutomatic
17499,2015,29973,Montebello, CA,19VDE1F39FE008603,Acura,ILX5-Speed
13813,2013,70828,Garland, TX,19VDE1F54DE001167,Acura,ILX5-Speed
19875,2014,26592,Chapel Hill, NC,JH4CU2F45EC004119,Acura,TSX5-Speed
14976,2013,45776,Shreveport, LA,19VDE1F30DE007255,Acura,ILX5-Speed
17988,2015,33663,Fort Worth, TX,19VDE1F35FE002927,Acura,ILX5-Speed
12991,2010,82267,Springfield, MO,JH4CU2F65AC016167,Acura,TSX4dr
15996,2015,45359,North Miami, FL,19VDE1F39FE008827,Acura,ILX5-Speed
9810,2009,117446,Knoxville, TN,JH4CU26629C021256,Acura,TSX4dr
19213,2014,37388,Colorado Springs, CO,JH4CU2F4XEC000602,Acura,TSX5-Speed
18900,2013,22425,Verona, NJ,JH4CU2F69DC011185,Acura,TSX5-Speed
16995,2013,34136,Everett, WA,19VDE3F39DE302172,Acura,ILXHybrid
18095,2015,23256,Bethlehem, PA,19VDE1F33FE008824,Acura,ILX5-Speed
21479,2016,950,Brooklyn, NY,19UDE2F83GA005632,Acura,ILXAutomatic
16999,2015,42208,Concord, CA,19VDE1F34FE000179,Acura,ILX5-Speed
17400,2014,23088,Ephrata, PA,19VDE2E5XEE000601,Acura,ILX6-Speed
18991,2015,29500,Duluth, GA,19VDE1F35FE009831,Acura,ILX5-Speed
18969,2014,20214,Hoffman Estates, IL,19VDE1F71EE010928,Acura,ILX5-Speed
21987,2017,3222,Plantation, FL,19UDE2F33HA010271,Acura,ILXAutomatic
18980,2015,31473,Westminster, CO,19VDE1F34FE003910,Acura,ILX5-Speed
18999,2016,36973,Cambridge, MA,19UDE2F70GA015994,Acura,ILXAutomatic
18500,2015,28707,Sanford, FL,19VDE1F34FE007911,Acura,ILX5-Speed
22500,2017,4671,Chicago, IL,19UDE2F38HA011819,Acura,ILXAcuraWatch
17494,2015,42131,Arlington, TX,19VDE1F58FE003975,Acura,ILX5-Speed
14995,2011,44084,Phoenix, AZ,JH4CU2F65BC004408,Acura,TSX4dr
17990,2015,34733,Spokane Valley, WA,19VDE1F58FE003801,Acura,ILX5-Speed
5995,2009,135311,Savannah, GA,JH4CU26629C015862,Acura,TSX4dr
19554,2016,27781,New Castle, DE,19UDE2F33GA013007,Acura,ILXAutomatic
18700,2013,39160,Tucson, AZ,JH4CU2F45DC006127,Acura,TSX5-Speed
17748,2014,36887,Raleigh, NC,JH4CU2F47EC002095,Acura,TSX5-Speed
7989,2007,94232,Falls Church, VA,JH4CL96937C013461,Acura,TSX4dr
19599,2015,14440,Verona, NJ,19VDE1F34FE002577,Acura,ILX5-Speed
7995,2010,119995,Levittown, PA,JH4CU2F68AC000674,Acura,TSX4dr
15533,2013,42232,Schaumburg, IL,19VDE1F57DE017055,Acura,ILX5-Speed
18500,2015,28818,Denver, CO,19VDE1F70FE007049,Acura,ILX5-Speed
16750,2015,57483,Citrus Heights, CA,19VDE1F32FE003145,Acura,ILX5-Speed
18500,2015,32215,South Charleston, WV,19VDE1F32FE004800,Acura,ILX5-Speed
16990,2015,37166,Chicago, IL,19VDE1F38FE001464,Acura,ILX5-Speed
16999,2013,29729,Savannah, GA,19VDE1F55DE019287,Acura,ILX5-Speed
18000,2015,37495,Tustin, CA,19VDE1F32FE005428,Acura,ILX5-Speed
18295,2015,27463,Rochester, NY,19VDE1F37FE004677,Acura,ILX5-Speed
18998,2015,23015,Honolulu, HI,19VDE1F37FE001200,Acura,ILX5-Speed
15500,2015,55507,Union City, GA,19VDE1F37FE002203,Acura,ILX5-Speed
18500,2015,40265,McKinney, TX,19VDE1F57FE010691,Acura,ILX5-Speed
19890,2015,24478,Chamblee, GA,19VDE1F38FE002453,Acura,ILX5-Speed
18798,2015,25718,Roswell, GA,19VDE1F39FE001215,Acura,ILX5-Speed
14748,2012,59181,Fishers, IN,JH4CU2F45CC016428,Acura,TSXAutomatic
17695,2015,29279,Bedford, OH,19VDE1F75FE005569,Acura,ILX5-Speed
4950,2006,142587,Littleton, CO,JH4CL96826C031231,Acura,TSXAutomatic
9995,2008,79412,Newhall, CA,JH4CL96918C014903,Acura,TSX4dr
17000,2015,37752,Louisville, KY,19VDE1F38FE002534,Acura,ILX5-Speed
16499,2014,35217,Chicago, IL,19VDE1F5XEE009131,Acura,ILX5-Speed
16517,2015,48918,Berwyn, IL,19VDE1F52FE007732,Acura,ILX5-Speed
18099,2014,33536,Raleigh, NC,JH4CU2F42EC003199,Acura,TSX5-Speed
12998,2011,68574,Placentia, CA,JH4CU2F65BC003985,Acura,TSX4dr
22722,2017,3129,Chicago, IL,19UDE2F7XHA012571,Acura,ILXTechnology
17250,2015,34902,Louisville, KY,19VDE1F32FE003419,Acura,ILX5-Speed
10490,2010,90849,DAVIE, FL,JH4CU2F62AC012383,Acura,TSX4dr
20100,2015,10438,Gainesville, FL,19VDE1F74FE007412,Acura,ILX5-Speed
13900,2012,74095,Oklahoma City, OK,JH4CU2F84CC018593,Acura,TSXAutomatic
6995,2007,107223,Venice, FL,JH4CL96847C012942,Acura,TSX4dr
19495,2014,25439,Langhorne, PA,JH4CU2F62EC005701,Acura,TSX5-Speed
15998,2014,51360,Wichita, KS,19VDE1F52EE009303,Acura,ILX5-Speed
23000,2017,10,Chicago, IL,19UDE2F32HA013582,Acura,ILXAutomatic
16591,2015,47899,Valencia, CA,19VDE1F37FE004467,Acura,ILX5-Speed
15249,2013,42038,West Park, FL,19VDE1F55DE019273,Acura,ILX5-Speed
18985,2015,27122,San Jose, CA,19VDE1F37FE000886,Acura,ILX5-Speed
14987,2011,59730,Kansas City, MO,JH4CU2F60BC011668,Acura,TSX4dr
18450,2014,12145,Plano, TX,19VDE1F71EE001873,Acura,ILX5-Speed
19000,2015,18192,Los Angeles, CA,19VDE1F37FE002413,Acura,ILX5-Speed
17775,2015,28888,Temple Hills, MD,19VDE1F39FE002641,Acura,ILX5-Speed
17989,2014,27123,Plantation, FL,19VDE1F76EE008186,Acura,ILX5-Speed
18580,2015,28933,Torrance, CA,19VDE1F51FE005826,Acura,ILX5-Speed
10993,2010,85179,Marietta, GA,JH4CU2F61AC023214,Acura,TSX4dr
15999,2012,42101,San Jose, CA,JH4CU2F42CC016452,Acura,TSXAutomatic
19500,2013,8550,Honolulu, HI,JH4CU2F43DC000830,Acura,TSX5-Speed
9896,2010,107160,Tampa, FL,JH4CU4F42AC000812,Acura,TSX4dr
19498,2015,16789,Langhorne, PA,19VDE1F37FE000385,Acura,ILX5-Speed
23000,2017,311,Chicago, IL,19UDE2F32HA008916,Acura,ILXAutomatic
8750,2007,100285,Delaware, OH,JH4CL96817C014907,Acura,TSX4dr
19566,2016,37494,Chantilly, VA,19UDE2F82GA003208,Acura,ILXAutomatic
18861,2015,23257,North Richland Hills, TX,19VDE1F34FE008265,Acura,ILX5-Speed
18795,2015,16973,Hooksett, NH,19VDE1F36FE005755,Acura,ILX5-Speed
8950,2008,94599,Rocky Mount, NC,JH4CL96808C001308,Acura,TSX4dr
18400,2015,30547,Verona, NJ,19VDE1F30FE009624,Acura,ILX5-Speed
18971,2016,24103,Vienna, VA,19UDE2F32GA022295,Acura,ILXAutomatic
16250,2013,51572,Frisco, TX,JH4CU2F66DC005716,Acura,TSX5-Speed
15790,2014,44786,Bountiful, UT,19VDE1F3XEE003246,Acura,ILX5-Speed
11677,2009,87888,Peoria, Az,JH4CU26689C010343,Acura,TSX4dr
15999,2014,42335,Marrieta, GA,19VDE1F75EE000046,Acura,ILX5-Speed
12087,2009,75759,Denver, CO,JH4CU26649C029844,Acura,TSX4dr
15498,2012,51806,Miami, FL,JH4CU2F63CC028837,Acura,TSXAutomatic
14995,2013,45907,Manassas, VA,19VDE1F3XDE016299,Acura,ILX5-Speed
10000,2009,98011,South Jordan, UT,JH4CU26639C010914,Acura,TSX4dr
7488,2005,93940,Lake Park, FL,JH4CL96895C018118,Acura,TSXAutomatic
19977,2014,21907,Sarasota, FL,JH4CU2F8XEC003955,Acura,TSXSpecial
22493,2017,5,Wichita, KS,19UDE2F32HA016028,Acura,ILXAutomatic
11300,2013,90585,Westampton, NJ,19VDE1F51DE022087,Acura,ILX5-Speed
19000,2015,23779,Verona, NJ,19VDE1F36FE008882,Acura,ILX5-Speed
14500,2013,69006,Duluth, GA,19VDE2E50DE000671,Acura,ILX6-Speed
12492,2012,95357,Orlando, FL,JH4CU2F48CC028444,Acura,TSXAutomatic
16664,2014,39779,Bensenville, IL,19VDE1F50EE003323,Acura,ILX5-Speed
15988,2012,56612,League City, TX,JH4CU2F64CC015319,Acura,TSXAutomatic
17995,2013,21430,Gaithersburg, MD,19VDE1F79DE004695,Acura,ILX5-Speed
22988,2017,1761,Miami, FL,19UDE2F3XHA010350,Acura,ILXAcuraWatch
15698,2014,63924,Apex, NC,JH4CU2F41EC001346,Acura,TSX5-Speed
16685,2015,52874,Wappingers Falls, NY,19VDE1F54FE004511,Acura,ILX5-Speed
16447,2012,52288,Savannah, GA,JH4CU2F67CC008803,Acura,TSXAutomatic
16995,2013,34673,Tinley Park, IL,19VDE1F78DE016658,Acura,ILX5-Speed
11985,2010,79094,Cockeysville, MD,JH4CU2F61AC013248,Acura,TSX4dr
9999,2009,89668,Queens Village, NY,JH4CU26639C035408,Acura,TSX4dr
10499,2009,83712,Malden, MA,JH4CU26639C031410,Acura,TSX4dr
20498,2016,22354,Atlanta, GA,19UDE2F89GA004128,Acura,ILXAutomatic
12290,2010,70834,Framingham, MA,JH4CU2F68AC026157,Acura,TSX4dr
12491,2014,92106,Elmhurst, IL,19VDE1F38EE004346,Acura,ILX5-Speed
14483,2012,72684,Bohemia, NY,JH4CU2F65CC014857,Acura,TSXAutomatic
15950,2012,55573,Chattanooga, TN,JH4CU2F85CC001544,Acura,TSXAutomatic
11988,2010,86925,Clarksville, TN,JH4CU2F68AC036106,Acura,TSX4dr
8995,2010,110586,Arlington, TX,JH4CU2F61AC013959,Acura,TSX4dr
13995,2014,67261,Nashville, TN,19VDE1F35EE009147,Acura,ILX5-Speed
15290,2013,43185,Chicago, IL,19VDE1F7XDE004754,Acura,ILX5-Speed
14995,2012,55578,Raleigh, NC,JH4CU2F63CC022942,Acura,TSXAutomatic
22988,2017,2183,Miami, FL,19UDE2F35HA007128,Acura,ILXAcuraWatch
19000,2015,22847,Valencia, CA,19VDE1F36FE006419,Acura,ILX5-Speed
19388,2015,19867,Miami, FL,19VDE1F37FE002301,Acura,ILX5-Speed
16400,2016,65403,Flemingsburg, KY,19UDE2F79GA004234,Acura,ILXAutomatic
19892,2016,25637,Clanton, AL,19UDE2F36GA018220,Acura,ILXAutomatic
18250,2015,24730,Louisville, KY,19VDE1F34FE005902,Acura,ILX5-Speed
20990,2016,20095,San Diego, CA,19UDE2F34GA016529,Acura,ILXAutomatic
15795,2015,54328,Burbank, IL,19VDE1F38FE003666,Acura,ILX5-Speed
19791,2015,14682,Jacksonville, FL,19VDE1F54FE003388,Acura,ILX5-Speed
16994,2014,31299,Pelham, AL,19VDE1F30EE015079,Acura,ILX5-Speed
16198,2013,42122,Prattville, AL,19VDE1F78DE020807,Acura,ILX5-Speed
17263,2014,32991,Dallas, TX,19VDE1F76EE012240,Acura,ILX5-Speed
12950,2008,46042,Phoenix, AZ,JH4CL96988C006457,Acura,TSX4dr
14995,2013,64453,Dothan, AL,JH4CU2F48DC008146,Acura,TSX5-Speed
17599,2015,32876,Raleigh, NC,19VDE1F35FE001177,Acura,ILX5-Speed
19490,2014,27393,Reading, PA,JH4CU2F4XEC002138,Acura,TSX5-Speed
20605,2016,28257,Burlingame, CA,19UDE2F73GA006450,Acura,ILXAutomatic
14630,2013,62057,Springfield, PA,19VDE1F76DE000748,Acura,ILX5-Speed
14788,2013,67143,Lauderdale Lakes, FL,JH4CU2F86DC005247,Acura,TSXSpecial
18151,2014,45078,Punta Gorda, FL,JH4CU2F81EC005190,Acura,TSXSpecial
18938,2014,30482,Schaumburg, IL,JH4CU2F61EC003163,Acura,TSX5-Speed
17230,2015,37449,Buford, GA,19VDE1F54FE009885,Acura,ILX5-Speed
17750,2014,22625,Louisville, KY,19VDE1F34EE008667,Acura,ILX5-Speed
13926,2012,69016,Bel Air, MD,JH4CU2F41CC019018,Acura,TSXAutomatic
13500,2010,70966,Norwood, MA,JH4CU2F6XAC042408,Acura,TSX4dr
8985,2010,111471,Des Plaines, IL,JH4CU2F63AC037390,Acura,TSX4dr
16810,2015,42720,Roswell, GA,19VDE1F32FE000309,Acura,ILX5-Speed
17000,2015,40436,Marietta, GA,19VDE1F71FE001390,Acura,ILX5-Speed
16988,2013,44792,City of Industry, CA,JH4CU2F68DC011534,Acura,TSX5-Speed
8995,2007,85723,Morristown, NJ,JH4CL96827C016701,Acura,TSX4dr
15975,2015,52966,Marietta, GA,19VDE1F38FE000427,Acura,ILX5-Speed
18641,2015,31078,Charlotte, NC,19VDE1F57FE007340,Acura,ILX5-Speed
16777,2014,44606,Mcminnville, OR,19VDE1F35EE005082,Acura,ILX5-Speed
16250,2012,41511,Colorado Springs, CO,JH4CU2F86CC029031,Acura,TSXAutomatic
18500,2014,33624,Evans, GA,19VDE1F70EE010676,Acura,ILX5-Speed
21750,2016,2039,Salt Lake City, UT,19UDE2F38GA021233,Acura,ILXAutomatic
20000,2016,34629,PLANO, TX,19UDE2F81GA005578,Acura,ILXAutomatic
10998,2008,79233,Silver Spring, MD,JH4CL96988C019998,Acura,TSX4dr
9499,2006,69656,Schaumburg, IL,JH4CL96986C035549,Acura,TSXAutomatic
16995,2015,41018,Philadelphia, PA,19VDE1F31FE003573,Acura,ILX5-Speed
15000,2010,52288,Tacoma, WA,JH4CU2F61AC040255,Acura,TSX4dr
17997,2013,31213,Duluth, GA,19VDE1F76DE005593,Acura,ILX5-Speed
16695,2015,44696,Baltimore, MD,19VDE1F72FE001074,Acura,ILX5-Speed
8756,2008,100523,MONMOUTH JUNCTION, NJ,JH4CL96878C001435,Acura,TSX4dr
13988,2010,61697,Little Rock, AR,JH4CU2F68AC016065,Acura,TSX4dr
20900,2015,3524,Doral, FL,19VDE1F57FE002090,Acura,ILX5-Speed
13949,2012,69668,Richmond, VA,JH4CU2F47CC007729,Acura,TSXAutomatic
16494,2014,48567,Wappingers Falls, NY,19VDE1F75EE002427,Acura,ILX5-Speed
17000,2013,46804,Tulsa, OK,19VDE1F73DE005051,Acura,ILX5-Speed
23995,2017,3089,Brentwood, TN,19UDE2F34HA000428,Acura,ILXAutomatic
8250,2009,112686,San Antonio, TX,JH4CU266X9C031310,Acura,TSX4dr
18495,2013,33538,Clinton, NJ,JH4CU2F48DC009166,Acura,TSX5-Speed
16501,2012,53254,Greensboro, NC,JH4CU2F47CC013210,Acura,TSXAutomatic
16494,2014,48667,Wappingers Falls, NY,19VDE1F76EE005630,Acura,ILX5-Speed
17796,2014,30553,Vallejo, CA,19VDE1F37EE005780,Acura,ILX5-Speed
15568,2014,56177,Springfield, NJ,19VDE1F38EE011782,Acura,ILX5-Speed
17490,2015,35641,Temple Hills, MD,19VDE1F3XFE006262,Acura,ILX5-Speed
17791,2013,27810,Tempe, AZ,19VDE1F57DE010266,Acura,ILX5-Speed
17497,2015,35635,Round Rock, TX,19VDE1F36FE002919,Acura,ILX5-Speed
21111,2016,13036,Hillsboro, OR,19UDE2F36GA021134,Acura,ILXAutomatic
5995,2005,105743,Riverdale, NJ,JH4CL968X5C005197,Acura,TSXAutomatic
18999,2014,43493,Duluth, GA,JH4CU2F43EC000702,Acura,TSX5-Speed
13495,2012,75685,Philadelphia, PA,JH4CU2F89CC025233,Acura,TSXAutomatic
11949,2009,68507,Las Vegas, NV,JH4CU26699C006690,Acura,TSX4dr
16495,2015,57624,Wappingers Falls, NY,19VDE1F72FE005187,Acura,ILX5-Speed
19599,2014,10700,Verona, NJ,19VDE1F54EE008850,Acura,ILX5-Speed
19885,2016,24838,Morton Grove, IL,19UDE2F32GA013063,Acura,ILXAutomatic
14000,2011,68060,Westminster, CA,JH4CU2F62BC003118,Acura,TSX4dr
13990,2014,69550,Edgewater Park, NJ,19VDE1F79EE006027,Acura,ILX5-Speed
18495,2014,23806,Langhorne, PA,19VDE1F52EE003453,Acura,ILX5-Speed
18500,2015,23868,Golden Valley, MN,19VDE1F31FE001497,Acura,ILX5-Speed
18941,2015,28704,Charlotte, NC,19VDE1F39FE004129,Acura,ILX5-Speed
19390,2016,21770,South Easton, MA,19UDE2F77GA000540,Acura,ILXAutomatic
21994,2016,5742,Dixon, CA,19UDE2F31GA025124,Acura,ILXAutomatic
12800,2011,83450,Norfolk, VA,JH4CU2F67BC015443,Acura,TSX4dr
18700,2015,28091,Phoenix, AZ,19VDE1F33FE005776,Acura,ILX5-Speed
7900,2009,131986,Strongsville, OH,JH4CU26609C020901,Acura,TSX4dr
18500,2015,32733,Omaha, NE,19VDE1F38FE000556,Acura,ILX5-Speed
17000,2015,42091,Louisville, KY,19VDE1F31FE000995,Acura,ILX5-Speed
10500,2009,94371,St Louis, MO,JH4CU26679C029742,Acura,TSX4dr
14085,2012,74736,Kernersville, NC,JH4CU2F48CC000367,Acura,TSXAutomatic
13987,2013,63810,Tracy, CA,19VDE1F57DE016696,Acura,ILX5-Speed
8495,2009,110481,Falls Chruch, VA,JH4CU26699C024574,Acura,TSX4dr
19419,2015,29852,Bethesda, MD,19VDE1F73FE004100,Acura,ILX5-Speed
12996,2012,109508,Oklahoma City, OK,JH4CU2F81CC018289,Acura,TSXAutomatic
19491,2015,19345,Plano, TX,19VDE1F30FE008201,Acura,ILX5-Speed
18995,2015,26023,Cerritos, CA,19VDE1F34FE000764,Acura,ILX5-Speed
17995,2014,30193,Langhorne, PA,19VDE1F79EE010367,Acura,ILX5-Speed
9995,2010,101193,Marietta, GA,JH4CU2F61AC042314,Acura,TSX4dr
17250,2015,39305,Baltimore, MD,19VDE1F55FE002833,Acura,ILX5-Speed
12995,2012,82289,Marietta, GA,JH4CU2F47CC021971,Acura,TSXAutomatic
18750,2014,30203,Louisville, KY,JH4CU2F43EC005446,Acura,TSX5-Speed
8999,2009,104641,Buford, GA,JH4CU26679C020085,Acura,TSX4dr
19988,2015,15179,Fremont, CA,19VDE1F38FE000671,Acura,ILX5-Speed
18995,2014,27305,Grove City, OH,JH4CU2F63EC003391,Acura,TSX5-Speed
7990,2005,82451,Downtingtown, PA,JH4CL96815C032417,Acura,TSXAutomatic
18490,2014,54500,Virginia Beach, VA,JH4CU2F41EC004070,Acura,TSX5-Speed
18400,2015,25755,Midlothian, IL,19VDE1F35FE006797,Acura,ILX5-Speed
17999,2015,36309,Concord, CA,19VDE1F52FE003809,Acura,ILX5-Speed
8195,2004,71572,Streamwood, IL,JH4CL96894C040747,Acura,TSXAutomatic
15994,2015,54814,Raleigh, NC,19VDE1F3XFE000560,Acura,ILX5-Speed
15488,2012,62461,Swanzey, NH,JH4CU2F63CC011634,Acura,TSXAutomatic
18999,2016,27247,Merced, CA,19UDE2F77GA013997,Acura,ILXAutomatic
13989,2013,71817,Sanford, FL,19VDE1F7XDE012806,Acura,ILX5-Speed
18380,2014,24388,Stanhope, NJ,19VDE1F53EE010458,Acura,ILX5-Speed
17498,2014,45208,Duluth, GA,19VDE1F35EE001453,Acura,ILX5-Speed
20999,2016,12760,Pembroke Pines, FL,19UDE2F33GA017641,Acura,ILXAutomatic
12000,2010,77631,Fishers, IN,JH4CU2F6XAC016584,Acura,TSX4dr
15450,2015,61620,Plano, TX,19VDE1F39FE001117,Acura,ILX5-Speed
14500,2014,64575,Buford, GA,19VDE1F31EE000705,Acura,ILX5-Speed
13300,2012,83017,Lafayette, LA,JH4CU2F49CC020059,Acura,TSXAutomatic
18400,2014,30571,Tempe, AZ,19VDE1F72EE012848,Acura,ILX5-Speed
18235,2013,19539,Langhorne, PA,19VDE1F51DE006780,Acura,ILX5-Speed
10722,2008,72370,Columbus, OH,JH4CL96998C006175,Acura,TSX4dr
19860,2015,25785,Colorado Springs, CO,19VDE1F33FE008418,Acura,ILX5-Speed
7498,2005,107916,Chantilly, VA,JH4CL96865C006377,Acura,TSXAutomatic
19388,2013,14757,Raleigh, NC,JH4CU2F60DC006070,Acura,TSX5-Speed
19875,2015,28491,Olympia, WA,19VDE1F39FE008102,Acura,ILX5-Speed
19500,2015,32272,Falls Church, VA,19VDE1F77FE001040,Acura,ILX5-Speed
16660,2013,52744,Wilsonville, OR,19VDE1F57DE019534,Acura,ILX5-Speed
19900,2015,19669,Gaithersburg, MD,19VDE1F33FE002148,Acura,ILX5-Speed
5000,2008,101901,Minneapolis, MN,19UUA662X8A054486,Acura,TL4dr
12387,2011,89007,Murray, UT,JH4CU2F63BC000647,Acura,TSX4dr
8495,2006,96261,Milford, MA,JH4CL96946C033703,Acura,TSXAutomatic
10573,2007,92364,Burlingame, CA,JH4CL96847C002038,Acura,TSX4dr
10994,2011,119257,Annapolis, MD,JH4CU2F67BC000800,Acura,TSX4dr
19995,2014,16195,Richmond, VA,JH4CU2F84EC004647,Acura,TSXSpecial
20485,2015,3211,Larchmont, NY,19VDE1F79FE003162,Acura,ILX5-Speed
17250,2015,40373,Louisville, KY,19VDE1F35FE009067,Acura,ILX5-Speed
10250,2010,99226,Virginia Beach, VA,JH4CU2F61AC029191,Acura,TSX4dr
18888,2014,15446,Scarsdale, NY,19VDE1F7XEE012080,Acura,ILX5-Speed
22900,2017,6593,Chicago, IL,19UDE2F73HA008653,Acura,ILXTechnology
18991,2015,20720,Riverside, CA,19VDE1F38FE003425,Acura,ILX5-Speed
16995,2015,43675,Philadelphia, PA,19VDE1F38FE006681,Acura,ILX5-Speed
18900,2013,33231,Hickory, NC,JH4CU2F65DC004721,Acura,TSX5-Speed
6997,2006,123955,Manassas, VA,JH4CL96986C005287,Acura,TSXAutomatic
13999,2010,54326,Tampa, FL,JH4CU2F62AC031760,Acura,TSX4dr
18800,2015,44986,Louisville, KY,19VDE1F58FE003958,Acura,ILX5-Speed
18969,2014,44848,Hoffman Estates, IL,JH4CU2F67EC002759,Acura,TSX5-Speed
16950,2014,46186,St. Louis, MO,19VDE1F30EE000744,Acura,ILX5-Speed
10995,2010,90722,Phoenix, AZ,JH4CU2F65AC017321,Acura,TSX4dr
18250,2015,34166,Cary, NC,19VDE1F38FE006194,Acura,ILX5-Speed
18092,2013,41927,San Jose, CA,JH4CU2F4XDC013168,Acura,TSX5-Speed
12950,2011,75860,Waterbury, CT,JH4CU2F69BC007764,Acura,TSX4dr
11785,2011,95689,Kernersville, NC,JH4CU2F61BC012313,Acura,TSX4dr
9500,2010,108841,Plano, TX,JH4CU2F69AC010937,Acura,TSX4dr
19990,2014,26284,Fox Lake, IL,JH4CU2F4XEC003550,Acura,TSX5-Speed
13995,2012,72000,Tucson, AZ,JH4CU2F43CC022051,Acura,TSXAutomatic
21300,2016,12085,Westmont, IL,19UDE2F38GA005842,Acura,ILXAutomatic
17591,2012,45736,Englewood, CO,JH4CU2F44CC004495,Acura,TSXAutomatic
17290,2015,40717,Temple Hills, MD,19VDE1F38FE009421,Acura,ILX5-Speed
14450,2011,78930,Santa Rosa, CA,JH4CU2F62BC007170,Acura,TSX4dr
11595,2010,83840,Sykesville, MD,JH4CU2F65AC007601,Acura,TSX4dr
19995,2014,23150,Springfield, NJ,JH4CU2F47EC002131,Acura,TSX5-Speed
18900,2015,36320,Naperville, IL,19VDE1F32FE000715,Acura,ILX5-Speed
10990,2008,86429,Highland Park, IL,JH4CL96898C016874,Acura,TSX4dr
18225,2015,39642,Charlotte, NC,19VDE1F34FE002174,Acura,ILX5-Speed
18995,2015,30421,Charlotte, NC,19VDE1F5XFE004934,Acura,ILX5-Speed
18882,2015,26549,Houston, TX,19VDE1F32FE001976,Acura,ILX5-Speed
18442,2014,28529,Charlotte, NC,19VDE1F50EE014273,Acura,ILX5-Speed
16600,2012,56870,Portland, OR,JH4CU2E88CC024219,Acura,TSXManual
17822,2012,43661,Ocala, FL,JH4CU2F66CC008520,Acura,TSXAutomatic
22900,2017,2444,Austin, TX,19UDE2F38HA007625,Acura,ILXAutomatic
19538,2015,34125,San Diego, CA,19VDE1F32FE007504,Acura,ILX5-Speed
19750,2015,21688,Indianapolis, IN,19VDE1F38FE008446,Acura,ILX5-Speed
16995,2014,35930,Rio Linda, CA,19VDE1F39EE006140,Acura,ILX5-Speed
9795,2010,105850,Duluth, GA,JH4CU2F65AC000485,Acura,TSX4dr
19993,2012,18741,Boulder, CO,JH4CU2F69CC021178,Acura,TSXAutomatic
16591,2013,43732,Arlington, TX,19VDE1F51DE008707,Acura,ILX5-Speed
12970,2012,31955,Marietta, GA,19UUA8F27CA025483,Acura,TL2WD
22300,2017,5757,Milford, CT,19UDE2F3XHA007139,Acura,ILXAutomatic
18950,2013,48062,Edmonds, WA,JH4CU2F65DC007070,Acura,TSX5-Speed
9500,2009,101028,Westfield, IN,JH4CU26649C006130,Acura,TSX4dr
10688,2010,95366,Chantilly, VA,JH4CU2F62AC039079,Acura,TSX4dr
9350,2009,108774,Barre, VT,JH4CU26649C017807,Acura,TSX4dr
13687,2010,59301,Bradenton, FL,JH4CU2F62AC037056,Acura,TSX4dr
9990,2010,103877,Wantagh, NY,JH4CU2F67AC003159,Acura,TSX4dr
17477,2015,39218,Manassas, VA,19VDE1F32FE003887,Acura,ILX5-Speed
9500,2008,122143,St. George, UT,JH4CL96858C008979,Acura,TSX4dr
17350,2015,40840,Rosedale, MD,19VDE1F59FE003371,Acura,ILX5-Speed
9450,2007,95741,Doylestown, PA,JH4CL96957C011582,Acura,TSX4dr
23733,2017,2515,Chantilly, VA,19UDE2F76HA011871,Acura,ILXPremium
15524,2011,51188,Roseville, CA,JH4CU2F66BC017555,Acura,TSX4dr
17927,2014,44127,Overland Park, KS,19VDE1F72EE002112,Acura,ILX5-Speed
21995,2017,5574,Scarsdale, NY,19UDE2F71HA004973,Acura,ILXPremium
8488,2005,91619,North Hollywood, CA,JH4CL96975C006123,Acura,TSXAutomatic
20297,2015,22430,Duluth, GA,19VDE1F78FE009387,Acura,ILX5-Speed
17500,2015,39221,Union City, GA,19VDE1F79FE001752,Acura,ILX5-Speed
17991,2013,20963,Henderson, NV,19VDE1F76DE002953,Acura,ILX5-Speed
17000,2013,68335,Wilmington, NC,JH4CU2F61DC008250,Acura,TSX5-Speed
16950,2013,28750,Houston, TX,19VDE3F76DE300544,Acura,ILXHybrid
8350,2007,98256,Fredericksburg, VA,JH4CL968X7C015473,Acura,TSX4dr
9900,2009,112246,Houston, TX,JH4CU266X9C009047,Acura,TSX4dr
13995,2013,64436,Waltham, MA,19VDE3F72DE302551,Acura,ILXHybrid
21481,2016,4951,Henderson, NV,19UDE2F38GA023175,Acura,ILXAutomatic
22888,2017,6739,Athens, GA,19UDE2F31HA010270,Acura,ILXAutomatic
18980,2013,22028,Lexington, KY,JH4CU2F89DC004223,Acura,TSXSpecial
10900,2008,76355,Philadelphia, PA,JH4CL96898C016955,Acura,TSX4dr
22739,2017,5879,Davie, FL,19UDE2F38HA000271,Acura,ILXAutomatic
19882,2016,27604,Jenkintown, PA,19UDE2F73GA002091,Acura,ILXAutomatic
12995,2013,76713,Bethlehem, PA,19VDE1F70DE015813,Acura,ILX5-Speed
6444,2006,126408,Lewisville, TX,JH4CL969X6C013665,Acura,TSXAutomatic
10995,2006,68006,Mount Laurel, NJ,JH4CL96816C039305,Acura,TSXAutomatic
9875,2009,109666,Gainesville, FL,JH4CU26619C025444,Acura,TSX4dr
10995,2010,92717,Union City, NJ,JH4CU2F66AC028313,Acura,TSX4dr
18490,2015,27965,Rosedale, MD,19VDE1F58FE003359,Acura,ILX5-Speed
17989,2015,34014,Modesto, CA,19VDE1F32FE009754,Acura,ILX5-Speed
10693,2011,110574,Wooster, OH,JH4CU2F65BC018700,Acura,TSX4dr
20100,2015,17353,Verona, NJ,19VDE1F58FE004608,Acura,ILX5-Speed
13695,2011,68962,Ridgewood, NY,JH4CU2F60BC001044,Acura,TSX4dr
22000,2016,6873,Tustin, CA,19UDE2F37GA001281,Acura,ILXAutomatic
11795,2011,91869,Tujunga, CA,JH4CU2F68BC009828,Acura,TSX4dr
19497,2015,16015,Tyler, TX,19VDE1F54FE007859,Acura,ILX5-Speed
18994,2016,27729,North Miami, FL,19UDE2F72GA007735,Acura,ILXAutomatic
9688,2007,82893,Kannapolis, NC,JH4CL96817C017712,Acura,TSX4dr
16488,2012,53876,Swanzey, NH,JH4CU2F60CC020887,Acura,TSXAutomatic
8995,2008,99892,Greenwood, MO,JH4CL96848C017639,Acura,TSX4dr
22900,2017,4282,Austin, TX,19UDE2F36HA010278,Acura,ILXAutomatic
11995,2011,89647,Grove City, OH,JH4CU2F66BC005793,Acura,TSX4dr
21995,2017,6698,Scarsdale, NY,19UDE2F73HA001198,Acura,ILXPremium
18495,2014,42530,Lewisburg, PA,JH4CU2F41EC001847,Acura,TSX5-Speed
18575,2013,27706,Lexington, KY,JH4CU2F45DC008802,Acura,TSX5-Speed
14533,2013,68738,Shelby, MI,19VDE1F5XDE008379,Acura,ILX5-Speed
16900,2012,58915,Albuquerque, NM,JH4CU2F49CC003374,Acura,TSXAutomatic
16998,2011,33380,Palatine, IL,JH4CU2F65BC001654,Acura,TSX4dr
15495,2013,47635,Bloomington, CA,19VDE1F54DE022245,Acura,ILX5-Speed
15755,2013,44541,Puyallup, WA,19VDE1F55DE022366,Acura,ILX5-Speed
10500,2009,91000,Canton, OH,JH4CU26629C022715,Acura,TSX4dr
20500,2015,23826,Falls Church, VA,19VDE1F73FE005151,Acura,ILX5-Speed
16290,2013,38217,Rockville, MD,19VDE1F50DE021416,Acura,ILX5-Speed
11991,2010,95384,Greenville, SC,JH4CU2F61AC023553,Acura,TSX4dr
15995,2013,41805,Sioux Falls, SD,19VDE1F77DE003853,Acura,ILX5-Speed
13300,2010,65994,Colorado Springs, CO,JH4CU2F66AC028960,Acura,TSX4dr
17930,2015,35748,Buford, GA,19VDE1F32FE001153,Acura,ILX5-Speed
21950,2017,4622,El Cajon, CA,19UDE2F32HA001772,Acura,ILXAcuraWatch
19188,2016,32682,Scarsdale, NY,19UDE2F72GA011171,Acura,ILXAutomatic
18995,2015,33632,Rochelle Park, NJ,19VDE2E59FE000168,Acura,ILX6-Speed
9799,2009,115497,Newtown Square, PA,JH4CU26659C029030,Acura,TSX4dr
19752,2014,29491,Fort Myers, FL,JH4CU2F4XEC004939,Acura,TSX5-Speed
14995,2014,80275,Naugatuck, CT,JH4CU2F69EC002262,Acura,TSX5-Speed
14782,2013,69820,Norco, CA,19VDE1F73DE011335,Acura,ILX5-Speed
18600,2015,34544,Gastonia, NC,19VDE1F36FE010213,Acura,ILX5-Speed
18995,2015,31414,Ardmore, PA,19VDE1F50FE007731,Acura,ILX5-Speed
17297,2013,26555,Fort Worth, TX,19VDE3F38DE301711,Acura,ILXHybrid
14900,2014,73851,South Jordan, UT,19VDE1F5XEE010389,Acura,ILX5-Speed
16995,2016,53044,North Miami, FL,19UDE2F76GA006409,Acura,ILXAutomatic
21006,2016,30638,Burlingame, CA,19UDE2F73GA001331,Acura,ILXAutomatic
9792,2010,119069,Wesley Chapel, FL,JH4CU2F63AC017639,Acura,TSX4dr
11550,2009,79000,Lawndale, CA,JH4CU26619C015531,Acura,TSX4dr
19991,2014,27008,Fort Myers, FL,JH4CU2F61EC006029,Acura,TSX5-Speed
18195,2015,33185,Laurel, MD,19VDE1F57FE004647,Acura,ILX5-Speed
11534,2008,70739,Virgina Beach, VA,JH4CL96978C017904,Acura,TSX4dr
16695,2011,37704,Elmhurst, IL,JH4CU2F62BC017861,Acura,TSX4dr
11995,2009,97261,Panama City, FL,JH4CU26669C030719,Acura,TSX4dr
17988,2015,35864,Mt. Juliet, TN,19VDE1F35FE000238,Acura,ILX5-Speed
9799,2010,109125,West Babylon, NY,JH4CU2F63AC023702,Acura,TSX4dr
21995,2017,8339,Scarsdale, NY,19UDE2F72HA006005,Acura,ILXPremium
9775,2009,103940,Venice, FL,JH4CU26669C017520,Acura,TSX4dr
15659,2015,64176,Avenel, NJ,19VDE1F34FE005950,Acura,ILX5-Speed
22000,2016,8873,Tustin, CA,19UDE2F32GA000345,Acura,ILXAutomatic
21485,2015,8859,Houston, TX,19VDE1F51FE007754,Acura,ILX5-Speed
15495,2014,57642,Midway City, CA,19VDE1F31EE014393,Acura,ILX5-Speed
17951,2013,37006,Richmond, VA,JH4CU2F82DC000465,Acura,TSXSpecial
14521,2012,85612,North Little Rock, AR,JH4CU2F66CC019727,Acura,TSXAutomatic
21000,2016,18316,Southern Pines, NC,19UDE2F73GA015410,Acura,ILXAutomatic
12994,2009,62664,Marietta, GA,JH4CU26689C014635,Acura,TSX4dr
17900,2013,44855,Pittsburgh, PA,JH4CU2F6XDC002351,Acura,TSX5-Speed
11587,2010,98022,Kirkland, WA,JH4CU4F47AC002006,Acura,TSX4dr
14496,2011,66258,Waukesha, WI,JH4CU2F68BC016990,Acura,TSX4dr
18750,2015,27569,Louisville, KY,19VDE1F57FE004874,Acura,ILX5-Speed
18900,2015,25894,Long Island City, NY,19VDE1F36FE000667,Acura,ILX5-Speed
16983,2014,57908,Merriam, KS,JH4CU2F46EC003108,Acura,TSX5-Speed
22999,2017,3947,Miami, FL,19UDE2F35HA005590,Acura,ILXAutomatic
19788,2015,28293,Dublin, OH,19VDE1F74FE001089,Acura,ILX5-Speed
17500,2013,35516,Milford, CT,19VDE1F78DE017969,Acura,ILX5-Speed
16495,2014,56228,Clinton, NJ,19VDE1F53EE001243,Acura,ILX5-Speed
9692,2006,86218,Fort Pierce, FL,JH4CL96976C039947,Acura,TSXAutomatic